Seq,DateListed,年度,統計日期,縣市,縣市別代碼,統計項目,數值
1,"20240906","109","20200809","臺中市","66000","原住民保留地土地","6390.34"
2,"20240906","109","20200809","臺中市","66000","建地_住商行工文等區及甲乙丙丁建地","93.581"
3,"20240906","109","20200809","臺中市","66000","農業區_農牧用地","2958.193"
4,"20240906","109","20200809","臺中市","66000","林業用地","2663.165"
5,"20240906","109","20200809","臺中市","66000","其他_含交通特目水利國土保安等用地","675.401"
6,"20240906","109","20200809","基隆市","10017","原住民保留地土地","3.452"
7,"20240906","109","20200809","基隆市","10017","建地_住商行工文等區及甲乙丙丁建地","1.669"
8,"20240906","109","20200809","基隆市","10017","農業區_農牧用地","0"
9,"20240906","109","20200809","基隆市","10017","林業用地","0"
10,"20240906","109","20200809","基隆市","10017","其他_含交通特目水利國土保安等用地","1.783"
11,"20240906","109","20200809","高雄市","64000","原住民保留地土地","16570.809"
12,"20240906","109","20200809","高雄市","64000","建地_住商行工文等區及甲乙丙丁建地","83.193"
13,"20240906","109","20200809","高雄市","64000","農業區_農牧用地","4194.658"
14,"20240906","109","20200809","高雄市","64000","林業用地","11908.718"
15,"20240906","109","20200809","高雄市","64000","其他_含交通特目水利國土保安等用地","384.24"
16,"20240906","109","20200809","新北市","65000","原住民保留地土地","2111.854"
17,"20240906","109","20200809","新北市","65000","建地_住商行工文等區及甲乙丙丁建地","12.039"
18,"20240906","109","20200809","新北市","65000","農業區_農牧用地","0.566"
19,"20240906","109","20200809","新北市","65000","林業用地","1.033"
20,"20240906","109","20200809","新北市","65000","其他_含交通特目水利國土保安等用地","2098.216"
21,"20240906","109","20200809","宜蘭縣","10002","原住民保留地土地","14785.579"
22,"20240906","109","20200809","宜蘭縣","10002","建地_住商行工文等區及甲乙丙丁建地","102.58"
23,"20240906","109","20200809","宜蘭縣","10002","農業區_農牧用地","4132.071"
24,"20240906","109","20200809","宜蘭縣","10002","林業用地","10076.128"
25,"20240906","109","20200809","宜蘭縣","10002","其他_含交通特目水利國土保安等用地","474.8"
26,"20240906","109","20200809","桃園市","68000","原住民保留地土地","12068.22"
27,"20240906","109","20200809","桃園市","68000","建地_住商行工文等區及甲乙丙丁建地","97.842"
28,"20240906","109","20200809","桃園市","68000","農業區_農牧用地","2247.749"
29,"20240906","109","20200809","桃園市","68000","林業用地","8455.094"
30,"20240906","109","20200809","桃園市","68000","其他_含交通特目水利國土保安等用地","1267.535"
31,"20240906","109","20200809","新竹縣","10004","原住民保留地土地","18189.742"
32,"20240906","109","20200809","新竹縣","10004","建地_住商行工文等區及甲乙丙丁建地","88.824"
33,"20240906","109","20200809","新竹縣","10004","農業區_農牧用地","4592.678"
34,"20240906","109","20200809","新竹縣","10004","林業用地","13288.422"
35,"20240906","109","20200809","新竹縣","10004","其他_含交通特目水利國土保安等用地","219.818"
36,"20240906","109","20200809","苗栗縣","10005","原住民保留地土地","9103.828"
37,"20240906","109","20200809","苗栗縣","10005","建地_住商行工文等區及甲乙丙丁建地","55.502"
38,"20240906","109","20200809","苗栗縣","10005","農業區_農牧用地","2882.365"
39,"20240906","109","20200809","苗栗縣","10005","林業用地","5954.898"
40,"20240906","109","20200809","苗栗縣","10005","其他_含交通特目水利國土保安等用地","211.063"
41,"20240906","109","20200809","南投縣","10008","原住民保留地土地","32081.316"
42,"20240906","109","20200809","南投縣","10008","建地_住商行工文等區及甲乙丙丁建地","216.016"
43,"20240906","109","20200809","南投縣","10008","農業區_農牧用地","9402.476"
44,"20240906","109","20200809","南投縣","10008","林業用地","21122.768"
45,"20240906","109","20200809","南投縣","10008","其他_含交通特目水利國土保安等用地","1340.056"
46,"20240906","109","20200809","嘉義縣","10010","原住民保留地土地","6669.193"
47,"20240906","109","20200809","嘉義縣","10010","建地_住商行工文等區及甲乙丙丁建地","34.452"
48,"20240906","109","20200809","嘉義縣","10010","農業區_農牧用地","3244.434"
49,"20240906","109","20200809","嘉義縣","10010","林業用地","3134.241"
50,"20240906","109","20200809","嘉義縣","10010","其他_含交通特目水利國土保安等用地","256.066"
51,"20240906","109","20200809","屏東縣","10013","原住民保留地土地","68177.877"
52,"20240906","109","20200809","屏東縣","10013","建地_住商行工文等區及甲乙丙丁建地","279.057"
53,"20240906","109","20200809","屏東縣","10013","農業區_農牧用地","15717.314"
54,"20240906","109","20200809","屏東縣","10013","林業用地","49786.357"
55,"20240906","109","20200809","屏東縣","10013","其他_含交通特目水利國土保安等用地","2395.149"
56,"20240906","109","20200809","花蓮縣","10015","原住民保留地土地","30545.278"
57,"20240906","109","20200809","花蓮縣","10015","建地_住商行工文等區及甲乙丙丁建地","338.324"
58,"20240906","109","20200809","花蓮縣","10015","農業區_農牧用地","11299.283"
59,"20240906","109","20200809","花蓮縣","10015","林業用地","16007.052"
60,"20240906","109","20200809","花蓮縣","10015","其他_含交通特目水利國土保安等用地","2900.619"
61,"20240906","109","20200809","臺東縣","10014","原住民保留地土地","48285.417"
62,"20240906","109","20200809","臺東縣","10014","建地_住商行工文等區及甲乙丙丁建地","355.591"
63,"20240906","109","20200809","臺東縣","10014","農業區_農牧用地","14599.531"
64,"20240906","109","20200809","臺東縣","10014","林業用地","31762.361"
65,"20240906","109","20200809","臺東縣","10014","其他_含交通特目水利國土保安等用地","1567.934"
66,"20240906","109","20200930","臺中市","66000","原住民保留地土地","6390.34"
67,"20240906","109","20200930","臺中市","66000","建地_住商行工文等區及甲乙丙丁建地","93.581"
68,"20240906","109","20200930","臺中市","66000","農業區_農牧用地","2958.193"
69,"20240906","109","20200930","臺中市","66000","林業用地","2663.165"
70,"20240906","109","20200930","臺中市","66000","其他_含交通特目水利國土保安等用地","675.401"
71,"20240906","109","20200930","基隆市","10017","原住民保留地土地","3.452"
72,"20240906","109","20200930","基隆市","10017","建地_住商行工文等區及甲乙丙丁建地","1.669"
73,"20240906","109","20200930","基隆市","10017","農業區_農牧用地","0"
74,"20240906","109","20200930","基隆市","10017","林業用地","0"
75,"20240906","109","20200930","基隆市","10017","其他_含交通特目水利國土保安等用地","1.783"
76,"20240906","109","20200930","高雄市","64000","原住民保留地土地","16570.809"
77,"20240906","109","20200930","高雄市","64000","建地_住商行工文等區及甲乙丙丁建地","83.193"
78,"20240906","109","20200930","高雄市","64000","農業區_農牧用地","4190.248"
79,"20240906","109","20200930","高雄市","64000","林業用地","11913.164"
80,"20240906","109","20200930","高雄市","64000","其他_含交通特目水利國土保安等用地","384.204"
81,"20240906","109","20200930","新北市","65000","原住民保留地土地","2111.854"
82,"20240906","109","20200930","新北市","65000","建地_住商行工文等區及甲乙丙丁建地","12.311"
83,"20240906","109","20200930","新北市","65000","農業區_農牧用地","0.566"
84,"20240906","109","20200930","新北市","65000","林業用地","1.033"
85,"20240906","109","20200930","新北市","65000","其他_含交通特目水利國土保安等用地","2097.944"
86,"20240906","109","20200930","宜蘭縣","10002","原住民保留地土地","14785.639"
87,"20240906","109","20200930","宜蘭縣","10002","建地_住商行工文等區及甲乙丙丁建地","102.58"
88,"20240906","109","20200930","宜蘭縣","10002","農業區_農牧用地","4129.44"
89,"20240906","109","20200930","宜蘭縣","10002","林業用地","10078.82"
90,"20240906","109","20200930","宜蘭縣","10002","其他_含交通特目水利國土保安等用地","474.799"
91,"20240906","109","20200930","桃園市","68000","原住民保留地土地","12068.22"
92,"20240906","109","20200930","桃園市","68000","建地_住商行工文等區及甲乙丙丁建地","97.405"
93,"20240906","109","20200930","桃園市","68000","農業區_農牧用地","2247.466"
94,"20240906","109","20200930","桃園市","68000","林業用地","8455.377"
95,"20240906","109","20200930","桃園市","68000","其他_含交通特目水利國土保安等用地","1267.972"
96,"20240906","109","20200930","新竹縣","10004","原住民保留地土地","18189.423"
97,"20240906","109","20200930","新竹縣","10004","建地_住商行工文等區及甲乙丙丁建地","88.824"
98,"20240906","109","20200930","新竹縣","10004","農業區_農牧用地","4592.059"
99,"20240906","109","20200930","新竹縣","10004","林業用地","13288.722"
100,"20240906","109","20200930","新竹縣","10004","其他_含交通特目水利國土保安等用地","219.818"
101,"20240906","109","20200930","苗栗縣","10005","原住民保留地土地","9103.835"
102,"20240906","109","20200930","苗栗縣","10005","建地_住商行工文等區及甲乙丙丁建地","55.551"
103,"20240906","109","20200930","苗栗縣","10005","農業區_農牧用地","2882.556"
104,"20240906","109","20200930","苗栗縣","10005","林業用地","5954.658"
105,"20240906","109","20200930","苗栗縣","10005","其他_含交通特目水利國土保安等用地","211.07"
106,"20240906","109","20200930","南投縣","10008","原住民保留地土地","32081.766"
107,"20240906","109","20200930","南投縣","10008","建地_住商行工文等區及甲乙丙丁建地","216.014"
108,"20240906","109","20200930","南投縣","10008","農業區_農牧用地","9402.654"
109,"20240906","109","20200930","南投縣","10008","林業用地","21124.475"
110,"20240906","109","20200930","南投縣","10008","其他_含交通特目水利國土保安等用地","1338.623"
111,"20240906","109","20200930","嘉義縣","10010","原住民保留地土地","6669.193"
112,"20240906","109","20200930","嘉義縣","10010","建地_住商行工文等區及甲乙丙丁建地","34.452"
113,"20240906","109","20200930","嘉義縣","10010","農業區_農牧用地","3244.434"
114,"20240906","109","20200930","嘉義縣","10010","林業用地","3134.241"
115,"20240906","109","20200930","嘉義縣","10010","其他_含交通特目水利國土保安等用地","256.066"
116,"20240906","109","20200930","屏東縣","10013","原住民保留地土地","68178.005"
117,"20240906","109","20200930","屏東縣","10013","建地_住商行工文等區及甲乙丙丁建地","279.057"
118,"20240906","109","20200930","屏東縣","10013","農業區_農牧用地","15714.145"
119,"20240906","109","20200930","屏東縣","10013","林業用地","49789.654"
120,"20240906","109","20200930","屏東縣","10013","其他_含交通特目水利國土保安等用地","2395.149"
121,"20240906","109","20200930","花蓮縣","10015","原住民保留地土地","30552.649"
122,"20240906","109","20200930","花蓮縣","10015","建地_住商行工文等區及甲乙丙丁建地","338.418"
123,"20240906","109","20200930","花蓮縣","10015","農業區_農牧用地","11305.758"
124,"20240906","109","20200930","花蓮縣","10015","林業用地","16007.629"
125,"20240906","109","20200930","花蓮縣","10015","其他_含交通特目水利國土保安等用地","2900.844"
126,"20240906","109","20200930","臺東縣","10014","原住民保留地土地","48290.423"
127,"20240906","109","20200930","臺東縣","10014","建地_住商行工文等區及甲乙丙丁建地","355.619"
128,"20240906","109","20200930","臺東縣","10014","農業區_農牧用地","14603.763"
129,"20240906","109","20200930","臺東縣","10014","林業用地","31763.66"
130,"20240906","109","20200930","臺東縣","10014","其他_含交通特目水利國土保安等用地","1567.381"
131,"20240906","111","20220517","臺中市","66000","原住民保留地土地","6396.736"
132,"20240906","111","20220517","臺中市","66000","建地_住商行工文等區及甲乙丙丁建地","93.449"
133,"20240906","111","20220517","臺中市","66000","農業區_農牧用地","2990.125"
134,"20240906","111","20220517","臺中市","66000","林業用地","2669.417"
135,"20240906","111","20220517","臺中市","66000","其他_含交通特目水利國土保安等用地","643.745"
136,"20240906","111","20220517","基隆市","10017","原住民保留地土地","3.452"
137,"20240906","111","20220517","基隆市","10017","建地_住商行工文等區及甲乙丙丁建地","1.669"
138,"20240906","111","20220517","基隆市","10017","農業區_農牧用地","0"
139,"20240906","111","20220517","基隆市","10017","林業用地","0"
140,"20240906","111","20220517","基隆市","10017","其他_含交通特目水利國土保安等用地","1.783"
141,"20240906","111","20220517","高雄市","64000","原住民保留地土地","16894.652"
142,"20240906","111","20220517","高雄市","64000","建地_住商行工文等區及甲乙丙丁建地","83.238"
143,"20240906","111","20220517","高雄市","64000","農業區_農牧用地","4132.087"
144,"20240906","111","20220517","高雄市","64000","林業用地","12019.682"
145,"20240906","111","20220517","高雄市","64000","其他_含交通特目水利國土保安等用地","659.645"
146,"20240906","111","20220517","新北市","65000","原住民保留地土地","2111.816"
147,"20240906","111","20220517","新北市","65000","建地_住商行工文等區及甲乙丙丁建地","5.356"
148,"20240906","111","20220517","新北市","65000","農業區_農牧用地","0.566"
149,"20240906","111","20220517","新北市","65000","林業用地","1.033"
150,"20240906","111","20220517","新北市","65000","其他_含交通特目水利國土保安等用地","2104.861"
151,"20240906","111","20220517","宜蘭縣","10002","原住民保留地土地","14780.959"
152,"20240906","111","20220517","宜蘭縣","10002","建地_住商行工文等區及甲乙丙丁建地","102.952"
153,"20240906","111","20220517","宜蘭縣","10002","農業區_農牧用地","4125.915"
154,"20240906","111","20220517","宜蘭縣","10002","林業用地","10070.618"
155,"20240906","111","20220517","宜蘭縣","10002","其他_含交通特目水利國土保安等用地","481.474"
156,"20240906","111","20220517","桃園市","68000","原住民保留地土地","12088.8"
157,"20240906","111","20220517","桃園市","68000","建地_住商行工文等區及甲乙丙丁建地","82.266"
158,"20240906","111","20220517","桃園市","68000","農業區_農牧用地","2237.777"
159,"20240906","111","20220517","桃園市","68000","林業用地","8447.561"
160,"20240906","111","20220517","桃園市","68000","其他_含交通特目水利國土保安等用地","1321.196"
161,"20240906","111","20220517","新竹縣","10004","原住民保留地土地","18195.365"
162,"20240906","111","20220517","新竹縣","10004","建地_住商行工文等區及甲乙丙丁建地","88.912"
163,"20240906","111","20220517","新竹縣","10004","農業區_農牧用地","4592.275"
164,"20240906","111","20220517","新竹縣","10004","林業用地","13293.892"
165,"20240906","111","20220517","新竹縣","10004","其他_含交通特目水利國土保安等用地","220.286"
166,"20240906","111","20220517","苗栗縣","10005","原住民保留地土地","9145.202"
167,"20240906","111","20220517","苗栗縣","10005","建地_住商行工文等區及甲乙丙丁建地","56.114"
168,"20240906","111","20220517","苗栗縣","10005","農業區_農牧用地","2886.566"
169,"20240906","111","20220517","苗栗縣","10005","林業用地","5987.074"
170,"20240906","111","20220517","苗栗縣","10005","其他_含交通特目水利國土保安等用地","215.448"
171,"20240906","111","20220517","南投縣","10008","原住民保留地土地","32121.294"
172,"20240906","111","20220517","南投縣","10008","建地_住商行工文等區及甲乙丙丁建地","216.285"
173,"20240906","111","20220517","南投縣","10008","農業區_農牧用地","9407.572"
174,"20240906","111","20220517","南投縣","10008","林業用地","21198.729"
175,"20240906","111","20220517","南投縣","10008","其他_含交通特目水利國土保安等用地","1298.708"
176,"20240906","111","20220517","嘉義縣","10010","原住民保留地土地","6707.441"
177,"20240906","111","20220517","嘉義縣","10010","建地_住商行工文等區及甲乙丙丁建地","34.649"
178,"20240906","111","20220517","嘉義縣","10010","農業區_農牧用地","3223.298"
179,"20240906","111","20220517","嘉義縣","10010","林業用地","3188.917"
180,"20240906","111","20220517","嘉義縣","10010","其他_含交通特目水利國土保安等用地","260.577"
181,"20240906","111","20220517","屏東縣","10013","原住民保留地土地","68213.692"
182,"20240906","111","20220517","屏東縣","10013","建地_住商行工文等區及甲乙丙丁建地","278.835"
183,"20240906","111","20220517","屏東縣","10013","農業區_農牧用地","15251.781"
184,"20240906","111","20220517","屏東縣","10013","林業用地","50275.243"
185,"20240906","111","20220517","屏東縣","10013","其他_含交通特目水利國土保安等用地","2407.833"
186,"20240906","111","20220517","花蓮縣","10015","原住民保留地土地","30925.877"
187,"20240906","111","20220517","花蓮縣","10015","建地_住商行工文等區及甲乙丙丁建地","340.579"
188,"20240906","111","20220517","花蓮縣","10015","農業區_農牧用地","11439.17"
189,"20240906","111","20220517","花蓮縣","10015","林業用地","16225.173"
190,"20240906","111","20220517","花蓮縣","10015","其他_含交通特目水利國土保安等用地","2920.955"
191,"20240906","111","20220517","臺東縣","10014","原住民保留地土地","48481.386"
192,"20240906","111","20220517","臺東縣","10014","建地_住商行工文等區及甲乙丙丁建地","358.939"
193,"20240906","111","20220517","臺東縣","10014","農業區_農牧用地","14637.572"
194,"20240906","111","20220517","臺東縣","10014","林業用地","31871.174"
195,"20240906","111","20220517","臺東縣","10014","其他_含交通特目水利國土保安等用地","1613.701"
196,"20240906","112","20231017","臺中市","66000","原住民保留地土地","6394.162"
197,"20240906","112","20231017","臺中市","66000","建地_住商行工文等區及甲乙丙丁建地","93.57"
198,"20240906","112","20231017","臺中市","66000","農業區_農牧用地","2984.506"
199,"20240906","112","20231017","臺中市","66000","林業用地","2668.548"
200,"20240906","112","20231017","臺中市","66000","其他_含交通特目水利國土保安等用地","647.538"
201,"20240906","112","20231017","基隆市","10017","原住民保留地土地","3.452"
202,"20240906","112","20231017","基隆市","10017","建地_住商行工文等區及甲乙丙丁建地","1.669"
203,"20240906","112","20231017","基隆市","10017","農業區_農牧用地","0"
204,"20240906","112","20231017","基隆市","10017","林業用地","0"
205,"20240906","112","20231017","基隆市","10017","其他_含交通特目水利國土保安等用地","1.783"
206,"20240906","112","20231017","高雄市","64000","原住民保留地土地","16924.223"
207,"20240906","112","20231017","高雄市","64000","建地_住商行工文等區及甲乙丙丁建地","83.238"
208,"20240906","112","20231017","高雄市","64000","農業區_農牧用地","4080.557"
209,"20240906","112","20231017","高雄市","64000","林業用地","12098.694"
210,"20240906","112","20231017","高雄市","64000","其他_含交通特目水利國土保安等用地","661.734"
211,"20240906","112","20231017","新北市","65000","原住民保留地土地","2111.816"
212,"20240906","112","20231017","新北市","65000","建地_住商行工文等區及甲乙丙丁建地","5.36"
213,"20240906","112","20231017","新北市","65000","農業區_農牧用地","0.566"
214,"20240906","112","20231017","新北市","65000","林業用地","1.033"
215,"20240906","112","20231017","新北市","65000","其他_含交通特目水利國土保安等用地","2104.857"
216,"20240906","112","20231017","宜蘭縣","10002","原住民保留地土地","14783.66"
217,"20240906","112","20231017","宜蘭縣","10002","建地_住商行工文等區及甲乙丙丁建地","101.828"
218,"20240906","112","20231017","宜蘭縣","10002","農業區_農牧用地","4120.516"
219,"20240906","112","20231017","宜蘭縣","10002","林業用地","10076.704"
220,"20240906","112","20231017","宜蘭縣","10002","其他_含交通特目水利國土保安等用地","484.612"
221,"20240906","112","20231017","桃園市","68000","原住民保留地土地","12091.219"
222,"20240906","112","20231017","桃園市","68000","建地_住商行工文等區及甲乙丙丁建地","69.698"
223,"20240906","112","20231017","桃園市","68000","農業區_農牧用地","2241.223"
224,"20240906","112","20231017","桃園市","68000","林業用地","8456.886"
225,"20240906","112","20231017","桃園市","68000","其他_含交通特目水利國土保安等用地","1323.412"
226,"20240906","112","20231017","新竹縣","10004","原住民保留地土地","18195.293"
227,"20240906","112","20231017","新竹縣","10004","建地_住商行工文等區及甲乙丙丁建地","89.076"
228,"20240906","112","20231017","新竹縣","10004","農業區_農牧用地","4584.605"
229,"20240906","112","20231017","新竹縣","10004","林業用地","13301.205"
230,"20240906","112","20231017","新竹縣","10004","其他_含交通特目水利國土保安等用地","220.407"
231,"20240906","112","20231017","苗栗縣","10005","原住民保留地土地","9161.77"
232,"20240906","112","20231017","苗栗縣","10005","建地_住商行工文等區及甲乙丙丁建地","56.315"
233,"20240906","112","20231017","苗栗縣","10005","農業區_農牧用地","2878.173"
234,"20240906","112","20231017","苗栗縣","10005","林業用地","5998.263"
235,"20240906","112","20231017","苗栗縣","10005","其他_含交通特目水利國土保安等用地","229.019"
236,"20240906","112","20231017","南投縣","10008","原住民保留地土地","32129.265"
237,"20240906","112","20231017","南投縣","10008","建地_住商行工文等區及甲乙丙丁建地","216.794"
238,"20240906","112","20231017","南投縣","10008","農業區_農牧用地","9400.427"
239,"20240906","112","20231017","南投縣","10008","林業用地","21210.554"
240,"20240906","112","20231017","南投縣","10008","其他_含交通特目水利國土保安等用地","1301.49"
241,"20240906","112","20231017","嘉義縣","10010","原住民保留地土地","6748.131"
242,"20240906","112","20231017","嘉義縣","10010","建地_住商行工文等區及甲乙丙丁建地","33.633"
243,"20240906","112","20231017","嘉義縣","10010","農業區_農牧用地","3219.447"
244,"20240906","112","20231017","嘉義縣","10010","林業用地","3212.755"
245,"20240906","112","20231017","嘉義縣","10010","其他_含交通特目水利國土保安等用地","282.296"
246,"20240906","112","20231017","屏東縣","10013","原住民保留地土地","68235.32"
247,"20240906","112","20231017","屏東縣","10013","建地_住商行工文等區及甲乙丙丁建地","271.634"
248,"20240906","112","20231017","屏東縣","10013","農業區_農牧用地","15156.935"
249,"20240906","112","20231017","屏東縣","10013","林業用地","50404.135"
250,"20240906","112","20231017","屏東縣","10013","其他_含交通特目水利國土保安等用地","2402.616"
251,"20240906","112","20231017","花蓮縣","10015","原住民保留地土地","31037.459"
252,"20240906","112","20231017","花蓮縣","10015","建地_住商行工文等區及甲乙丙丁建地","340.976"
253,"20240906","112","20231017","花蓮縣","10015","農業區_農牧用地","11476.94"
254,"20240906","112","20231017","花蓮縣","10015","林業用地","16292.837"
255,"20240906","112","20231017","花蓮縣","10015","其他_含交通特目水利國土保安等用地","2926.706"
256,"20240906","112","20231017","臺東縣","10014","原住民保留地土地","48659.42"
257,"20240906","112","20231017","臺東縣","10014","建地_住商行工文等區及甲乙丙丁建地","360.841"
258,"20240906","112","20231017","臺東縣","10014","農業區_農牧用地","14705.368"
259,"20240906","112","20231017","臺東縣","10014","林業用地","31961.662"
260,"20240906","112","20231017","臺東縣","10014","其他_含交通特目水利國土保安等用地","1631.549"
261,"20240906","113","20240409","臺中市","66000","原住民保留地土地","6394.15"
262,"20240906","113","20240409","臺中市","66000","建地_住商行工文等區及甲乙丙丁建地","93.337"
263,"20240906","113","20240409","臺中市","66000","農業區_農牧用地","2984.91"
264,"20240906","113","20240409","臺中市","66000","林業用地","2667.31"
265,"20240906","113","20240409","臺中市","66000","其他_含交通特目水利國土保安等用地","648.592"
266,"20240906","113","20240409","基隆市","10017","原住民保留地土地","3.452"
267,"20240906","113","20240409","基隆市","10017","建地_住商行工文等區及甲乙丙丁建地","1.669"
268,"20240906","113","20240409","基隆市","10017","農業區_農牧用地","0"
269,"20240906","113","20240409","基隆市","10017","林業用地","0"
270,"20240906","113","20240409","基隆市","10017","其他_含交通特目水利國土保安等用地","1.783"
271,"20240906","113","20240409","高雄市","64000","原住民保留地土地","16926.58"
272,"20240906","113","20240409","高雄市","64000","建地_住商行工文等區及甲乙丙丁建地","82.856"
273,"20240906","113","20240409","高雄市","64000","農業區_農牧用地","4075.68"
274,"20240906","113","20240409","高雄市","64000","林業用地","12105.88"
275,"20240906","113","20240409","高雄市","64000","其他_含交通特目水利國土保安等用地","662.164"
276,"20240906","113","20240409","新北市","65000","原住民保留地土地","2111.82"
277,"20240906","113","20240409","新北市","65000","建地_住商行工文等區及甲乙丙丁建地","5.36"
278,"20240906","113","20240409","新北市","65000","農業區_農牧用地","0.566"
279,"20240906","113","20240409","新北市","65000","林業用地","1.033"
280,"20240906","113","20240409","新北市","65000","其他_含交通特目水利國土保安等用地","2104.86"
281,"20240906","113","20240409","宜蘭縣","10002","原住民保留地土地","14783.68"
282,"20240906","113","20240409","宜蘭縣","10002","建地_住商行工文等區及甲乙丙丁建地","101.921"
283,"20240906","113","20240409","宜蘭縣","10002","農業區_農牧用地","4116.96"
284,"20240906","113","20240409","宜蘭縣","10002","林業用地","10101.56"
285,"20240906","113","20240409","宜蘭縣","10002","其他_含交通特目水利國土保安等用地","463.227"
286,"20240906","113","20240409","桃園市","68000","原住民保留地土地","12091.59"
287,"20240906","113","20240409","桃園市","68000","建地_住商行工文等區及甲乙丙丁建地","70.613"
288,"20240906","113","20240409","桃園市","68000","農業區_農牧用地","2241.42"
289,"20240906","113","20240409","桃園市","68000","林業用地","8458.52"
290,"20240906","113","20240409","桃園市","68000","其他_含交通特目水利國土保安等用地","1321.03"
291,"20240906","113","20240409","新竹縣","10004","原住民保留地土地","18195.6"
292,"20240906","113","20240409","新竹縣","10004","建地_住商行工文等區及甲乙丙丁建地","89.16"
293,"20240906","113","20240409","新竹縣","10004","農業區_農牧用地","4584.71"
294,"20240906","113","20240409","新竹縣","10004","林業用地","13301.36"
295,"20240906","113","20240409","新竹縣","10004","其他_含交通特目水利國土保安等用地","220.37"
296,"20240906","113","20240409","苗栗縣","10005","原住民保留地土地","9166.6"
297,"20240906","113","20240409","苗栗縣","10005","建地_住商行工文等區及甲乙丙丁建地","56.442"
298,"20240906","113","20240409","苗栗縣","10005","農業區_農牧用地","2878.8"
299,"20240906","113","20240409","苗栗縣","10005","林業用地","6002.54"
300,"20240906","113","20240409","苗栗縣","10005","其他_含交通特目水利國土保安等用地","228.83"
301,"20240906","113","20240409","南投縣","10008","原住民保留地土地","32128.92"
302,"20240906","113","20240409","南投縣","10008","建地_住商行工文等區及甲乙丙丁建地","217.085"
303,"20240906","113","20240409","南投縣","10008","農業區_農牧用地","9435.29"
304,"20240906","113","20240409","南投縣","10008","林業用地","21201.22"
305,"20240906","113","20240409","南投縣","10008","其他_含交通特目水利國土保安等用地","1275.33"
306,"20240906","113","20240409","嘉義縣","10010","原住民保留地土地","6748.38"
307,"20240906","113","20240409","嘉義縣","10010","建地_住商行工文等區及甲乙丙丁建地","33.633"
308,"20240906","113","20240409","嘉義縣","10010","農業區_農牧用地","3220.83"
309,"20240906","113","20240409","嘉義縣","10010","林業用地","3211.62"
310,"20240906","113","20240409","嘉義縣","10010","其他_含交通特目水利國土保安等用地","282.295"
311,"20240906","113","20240409","屏東縣","10013","原住民保留地土地","68235.11"
312,"20240906","113","20240409","屏東縣","10013","建地_住商行工文等區及甲乙丙丁建地","272.063"
313,"20240906","113","20240409","屏東縣","10013","農業區_農牧用地","15153.52"
314,"20240906","113","20240409","屏東縣","10013","林業用地","50424.08"
315,"20240906","113","20240409","屏東縣","10013","其他_含交通特目水利國土保安等用地","2385.45"
316,"20240906","113","20240409","花蓮縣","10015","原住民保留地土地","31080.95"
317,"20240906","113","20240409","花蓮縣","10015","建地_住商行工文等區及甲乙丙丁建地","341.412"
318,"20240906","113","20240409","花蓮縣","10015","農業區_農牧用地","11506.17"
319,"20240906","113","20240409","花蓮縣","10015","林業用地","16325.79"
320,"20240906","113","20240409","花蓮縣","10015","其他_含交通特目水利國土保安等用地","2907.58"
321,"20240906","113","20240409","臺東縣","10014","原住民保留地土地","48700.89"
322,"20240906","113","20240409","臺東縣","10014","建地_住商行工文等區及甲乙丙丁建地","360.973"
323,"20240906","113","20240409","臺東縣","10014","農業區_農牧用地","14674.9"
324,"20240906","113","20240409","臺東縣","10014","林業用地","32027.89"
325,"20240906","113","20240409","臺東縣","10014","其他_含交通特目水利國土保安等用地","1637.12"
