Seq,DateListed,統計日期,年度,縣市,縣市別代碼,統計項目,面積,資料筆數
1,"20240906","20211017","110","臺中市","66000","私有保留地","1184.563","5764"
2,"20240906","20211017","110","臺中市","66000","國有土地","5200.327","13560"
3,"20240906","20211017","110","臺中市","66000","省有土地","0","0"
4,"20240906","20211017","110","臺中市","66000","縣有土地","0","0"
5,"20240906","20211017","110","臺中市","66000","鄉有土地","3.83","56"
6,"20240906","20211017","110","臺中市","66000","公有土地","5204.157","13616"
7,"20240906","20211017","110","臺中市","66000","其他單位","2.772","20"
8,"20240906","20211017","110","臺中市","66000","所有權部總計","6391.492","19400"
9,"20240906","20211017","110","基隆市","10017","私有保留地","0.272","178"
10,"20240906","20211017","110","基隆市","10017","國有土地","3.111","47"
11,"20240906","20211017","110","基隆市","10017","省有土地","0","0"
12,"20240906","20211017","110","基隆市","10017","縣有土地","0","0"
13,"20240906","20211017","110","基隆市","10017","鄉有土地","0.069","2"
14,"20240906","20211017","110","基隆市","10017","公有土地","3.18","49"
15,"20240906","20211017","110","基隆市","10017","其他單位","0","0"
16,"20240906","20211017","110","基隆市","10017","所有權部總計","3.452","227"
17,"20240906","20211017","110","高雄市","64000","私有保留地","8801.2","19107"
18,"20240906","20211017","110","高雄市","64000","國有土地","7940.559","6786"
19,"20240906","20211017","110","高雄市","64000","省有土地","0","0"
20,"20240906","20211017","110","高雄市","64000","縣有土地","0","0"
21,"20240906","20211017","110","高雄市","64000","鄉有土地","9.28","166"
22,"20240906","20211017","110","高雄市","64000","公有土地","7949.839","6952"
23,"20240906","20211017","110","高雄市","64000","其他單位","9.08","40"
24,"20240906","20211017","110","高雄市","64000","所有權部總計","16760.119","26099"
25,"20240906","20211017","110","新北市","65000","私有保留地","972.639","5296"
26,"20240906","20211017","110","新北市","65000","國有土地","1121.068","4104"
27,"20240906","20211017","110","新北市","65000","省有土地","0","0"
28,"20240906","20211017","110","新北市","65000","縣有土地","0","0"
29,"20240906","20211017","110","新北市","65000","鄉有土地","0","0"
30,"20240906","20211017","110","新北市","65000","公有土地","1121.068","4104"
31,"20240906","20211017","110","新北市","65000","其他單位","0.769","22"
32,"20240906","20211017","110","新北市","65000","所有權部總計","2094.476","9422"
33,"20240906","20211017","110","宜蘭縣","10002","私有保留地","6433.891","24439"
34,"20240906","20211017","110","宜蘭縣","10002","國有土地","8319.278","11380"
35,"20240906","20211017","110","宜蘭縣","10002","省有土地","0","0"
36,"20240906","20211017","110","宜蘭縣","10002","縣有土地","2.289","54"
37,"20240906","20211017","110","宜蘭縣","10002","鄉有土地","2.238","56"
38,"20240906","20211017","110","宜蘭縣","10002","公有土地","8323.805","11490"
39,"20240906","20211017","110","宜蘭縣","10002","其他單位","2.647","7"
40,"20240906","20211017","110","宜蘭縣","10002","所有權部總計","14760.343","35936"
41,"20240906","20211017","110","桃園市","68000","私有保留地","5195.828","23180"
42,"20240906","20211017","110","桃園市","68000","國有土地","6854.268","14918"
43,"20240906","20211017","110","桃園市","68000","省有土地","0","0"
44,"20240906","20211017","110","桃園市","68000","縣有土地","0","0"
45,"20240906","20211017","110","桃園市","68000","鄉有土地","0","0"
46,"20240906","20211017","110","桃園市","68000","公有土地","6854.268","14918"
47,"20240906","20211017","110","桃園市","68000","其他單位","12.197","115"
48,"20240906","20211017","110","桃園市","68000","所有權部總計","12062.293","38213"
49,"20240906","20211017","110","新竹縣","10004","私有保留地","12589.275","35097"
50,"20240906","20211017","110","新竹縣","10004","國有土地","5554.659","10366"
51,"20240906","20211017","110","新竹縣","10004","省有土地","0","0"
52,"20240906","20211017","110","新竹縣","10004","縣有土地","1.55","40"
53,"20240906","20211017","110","新竹縣","10004","鄉有土地","0.839","18"
54,"20240906","20211017","110","新竹縣","10004","公有土地","5557.048","10424"
55,"20240906","20211017","110","新竹縣","10004","其他單位","6.855","15"
56,"20240906","20211017","110","新竹縣","10004","所有權部總計","18153.178","45536"
57,"20240906","20211017","110","苗栗縣","10005","私有保留地","5311.007","19201"
58,"20240906","20211017","110","苗栗縣","10005","國有土地","3764.043","6469"
59,"20240906","20211017","110","苗栗縣","10005","省有土地","0","0"
60,"20240906","20211017","110","苗栗縣","10005","縣有土地","9.81","123"
61,"20240906","20211017","110","苗栗縣","10005","鄉有土地","0.422","16"
62,"20240906","20211017","110","苗栗縣","10005","公有土地","3774.275","6608"
63,"20240906","20211017","110","苗栗縣","10005","其他單位","5.808","25"
64,"20240906","20211017","110","苗栗縣","10005","所有權部總計","9091.09","25834"
65,"20240906","20211017","110","南投縣","10008","私有保留地","11887.755","36681"
66,"20240906","20211017","110","南投縣","10008","國有土地","20153.267","26023"
67,"20240906","20211017","110","南投縣","10008","省有土地","0","0"
68,"20240906","20211017","110","南投縣","10008","縣有土地","2.85","178"
69,"20240906","20211017","110","南投縣","10008","鄉有土地","3.664","93"
70,"20240906","20211017","110","南投縣","10008","公有土地","20159.781","26294"
71,"20240906","20211017","110","南投縣","10008","其他單位","2.76","11"
72,"20240906","20211017","110","南投縣","10008","所有權部總計","32050.296","62986"
73,"20240906","20211017","110","嘉義縣","10010","私有保留地","4823.392","9193"
74,"20240906","20211017","110","嘉義縣","10010","國有土地","1821.791","2036"
75,"20240906","20211017","110","嘉義縣","10010","省有土地","0","0"
76,"20240906","20211017","110","嘉義縣","10010","縣有土地","5.694","65"
77,"20240906","20211017","110","嘉義縣","10010","鄉有土地","0.23","16"
78,"20240906","20211017","110","嘉義縣","10010","公有土地","1827.715","2117"
79,"20240906","20211017","110","嘉義縣","10010","其他單位","0.886","17"
80,"20240906","20211017","110","嘉義縣","10010","所有權部總計","6651.993","11327"
81,"20240906","20211017","110","屏東縣","10013","私有保留地","38665.97","94409"
82,"20240906","20211017","110","屏東縣","10013","國有土地","29440.264","28995"
83,"20240906","20211017","110","屏東縣","10013","省有土地","0","0"
84,"20240906","20211017","110","屏東縣","10013","縣有土地","8.067","264"
85,"20240906","20211017","110","屏東縣","10013","鄉有土地","4.61","98"
86,"20240906","20211017","110","屏東縣","10013","公有土地","29452.941","29357"
87,"20240906","20211017","110","屏東縣","10013","其他單位","9.136","39"
88,"20240906","20211017","110","屏東縣","10013","所有權部總計","68128.047","123805"
89,"20240906","20211017","110","花蓮縣","10015","私有保留地","15290.829","66339"
90,"20240906","20211017","110","花蓮縣","10015","國有土地","15451.446","24743"
91,"20240906","20211017","110","花蓮縣","10015","省有土地","0","0"
92,"20240906","20211017","110","花蓮縣","10015","縣有土地","21.194","278"
93,"20240906","20211017","110","花蓮縣","10015","鄉有土地","15.084","128"
94,"20240906","20211017","110","花蓮縣","10015","公有土地","15487.724","25149"
95,"20240906","20211017","110","花蓮縣","10015","其他單位","4.587","26"
96,"20240906","20211017","110","花蓮縣","10015","所有權部總計","30783.14","91514"
97,"20240906","20211017","110","臺東縣","10014","私有保留地","18753.693","51457"
98,"20240906","20211017","110","臺東縣","10014","國有土地","29511.791","30367"
99,"20240906","20211017","110","臺東縣","10014","省有土地","0","0"
100,"20240906","20211017","110","臺東縣","10014","縣有土地","44.415","573"
101,"20240906","20211017","110","臺東縣","10014","鄉有土地","17.949","258"
102,"20240906","20211017","110","臺東縣","10014","公有土地","29574.155","31198"
103,"20240906","20211017","110","臺東縣","10014","其他單位","11.449","26"
104,"20240906","20211017","110","臺東縣","10014","所有權部總計","48339.297","82681"
105,"20240906","20220517","111","臺中市","66000","私有保留地","1216.421","5906"
106,"20240906","20220517","111","臺中市","66000","國有土地","5168.486","13503"
107,"20240906","20220517","111","臺中市","66000","省有土地","0","0"
108,"20240906","20220517","111","臺中市","66000","縣有土地","0","0"
109,"20240906","20220517","111","臺中市","66000","鄉有土地","3.83","56"
110,"20240906","20220517","111","臺中市","66000","公有土地","5172.316","13559"
111,"20240906","20220517","111","臺中市","66000","其他單位","2.773","20"
112,"20240906","20220517","111","臺中市","66000","所有權部總計","6391.51","19485"
113,"20240906","20220517","111","基隆市","10017","私有保留地","0.272","178"
114,"20240906","20220517","111","基隆市","10017","國有土地","3.111","47"
115,"20240906","20220517","111","基隆市","10017","省有土地","0","0"
116,"20240906","20220517","111","基隆市","10017","縣有土地","0","0"
117,"20240906","20220517","111","基隆市","10017","鄉有土地","0.069","2"
118,"20240906","20220517","111","基隆市","10017","公有土地","3.18","49"
119,"20240906","20220517","111","基隆市","10017","其他單位","0","0"
120,"20240906","20220517","111","基隆市","10017","所有權部總計","3.452","227"
121,"20240906","20220517","111","高雄市","64000","私有保留地","8894.097","19294"
122,"20240906","20220517","111","高雄市","64000","國有土地","7844.252","6819"
123,"20240906","20220517","111","高雄市","64000","省有土地","0","0"
124,"20240906","20220517","111","高雄市","64000","縣有土地","0","0"
125,"20240906","20220517","111","高雄市","64000","鄉有土地","9.28","166"
126,"20240906","20220517","111","高雄市","64000","公有土地","7853.532","6985"
127,"20240906","20220517","111","高雄市","64000","其他單位","9.352","40"
128,"20240906","20220517","111","高雄市","64000","所有權部總計","16756.981","26319"
129,"20240906","20220517","111","新北市","65000","私有保留地","994.71","5344"
130,"20240906","20220517","111","新北市","65000","國有土地","1115.654","4107"
131,"20240906","20220517","111","新北市","65000","省有土地","0","0"
132,"20240906","20220517","111","新北市","65000","縣有土地","0","0"
133,"20240906","20220517","111","新北市","65000","鄉有土地","0","0"
134,"20240906","20220517","111","新北市","65000","公有土地","1115.654","4107"
135,"20240906","20220517","111","新北市","65000","其他單位","0.912","27"
136,"20240906","20220517","111","新北市","65000","所有權部總計","2111.276","9478"
137,"20240906","20220517","111","宜蘭縣","10002","私有保留地","6468.114","25199"
138,"20240906","20220517","111","宜蘭縣","10002","國有土地","8289.299","11355"
139,"20240906","20220517","111","宜蘭縣","10002","省有土地","0","0"
140,"20240906","20220517","111","宜蘭縣","10002","縣有土地","2.46","67"
141,"20240906","20220517","111","宜蘭縣","10002","鄉有土地","2.471","57"
142,"20240906","20220517","111","宜蘭縣","10002","公有土地","8294.23","11479"
143,"20240906","20220517","111","宜蘭縣","10002","其他單位","2.753","8"
144,"20240906","20220517","111","宜蘭縣","10002","所有權部總計","14765.097","36686"
145,"20240906","20220517","111","桃園市","68000","私有保留地","5238.475","23735"
146,"20240906","20220517","111","桃園市","68000","國有土地","6820.987","15211"
147,"20240906","20220517","111","桃園市","68000","省有土地","0","0"
148,"20240906","20220517","111","桃園市","68000","縣有土地","0","0"
149,"20240906","20220517","111","桃園市","68000","鄉有土地","0","0"
150,"20240906","20220517","111","桃園市","68000","公有土地","6820.987","15211"
151,"20240906","20220517","111","桃園市","68000","其他單位","11.624","111"
152,"20240906","20220517","111","桃園市","68000","所有權部總計","12071.086","39057"
153,"20240906","20220517","111","新竹縣","10004","私有保留地","12693.946","35799"
154,"20240906","20220517","111","新竹縣","10004","國有土地","5453.965","10217"
155,"20240906","20220517","111","新竹縣","10004","省有土地","0","0"
156,"20240906","20220517","111","新竹縣","10004","縣有土地","1.57","41"
157,"20240906","20220517","111","新竹縣","10004","鄉有土地","0.895","20"
158,"20240906","20220517","111","新竹縣","10004","公有土地","5456.43","10278"
159,"20240906","20220517","111","新竹縣","10004","其他單位","5.037","12"
160,"20240906","20220517","111","新竹縣","10004","所有權部總計","18155.413","46089"
161,"20240906","20220517","111","苗栗縣","10005","私有保留地","5359.132","19258"
162,"20240906","20220517","111","苗栗縣","10005","國有土地","3740.265","6416"
163,"20240906","20220517","111","苗栗縣","10005","省有土地","0","0"
164,"20240906","20220517","111","苗栗縣","10005","縣有土地","9.81","123"
165,"20240906","20220517","111","苗栗縣","10005","鄉有土地","0.422","16"
166,"20240906","20220517","111","苗栗縣","10005","公有土地","3750.497","6555"
167,"20240906","20220517","111","苗栗縣","10005","其他單位","6.072","25"
168,"20240906","20220517","111","苗栗縣","10005","所有權部總計","9115.701","25838"
169,"20240906","20220517","111","南投縣","10008","私有保留地","12255.441","37861"
170,"20240906","20220517","111","南投縣","10008","國有土地","19813.667","26058"
171,"20240906","20220517","111","南投縣","10008","省有土地","0","0"
172,"20240906","20220517","111","南投縣","10008","縣有土地","3.203","182"
173,"20240906","20220517","111","南投縣","10008","鄉有土地","3.664","93"
174,"20240906","20220517","111","南投縣","10008","公有土地","19820.534","26333"
175,"20240906","20220517","111","南投縣","10008","其他單位","2.937","15"
176,"20240906","20220517","111","南投縣","10008","所有權部總計","32078.912","64209"
177,"20240906","20220517","111","嘉義縣","10010","私有保留地","4888.338","9291"
178,"20240906","20220517","111","嘉義縣","10010","國有土地","1763.948","1999"
179,"20240906","20220517","111","嘉義縣","10010","省有土地","0","0"
180,"20240906","20220517","111","嘉義縣","10010","縣有土地","5.736","66"
181,"20240906","20220517","111","嘉義縣","10010","鄉有土地","0.23","16"
182,"20240906","20220517","111","嘉義縣","10010","公有土地","1769.914","2081"
183,"20240906","20220517","111","嘉義縣","10010","其他單位","0.885","17"
184,"20240906","20220517","111","嘉義縣","10010","所有權部總計","6659.137","11389"
185,"20240906","20220517","111","屏東縣","10013","私有保留地","39012.779","95442"
186,"20240906","20220517","111","屏東縣","10013","國有土地","28961.592","28788"
187,"20240906","20220517","111","屏東縣","10013","省有土地","0","0"
188,"20240906","20220517","111","屏東縣","10013","縣有土地","8.071","268"
189,"20240906","20220517","111","屏東縣","10013","鄉有土地","4.781","102"
190,"20240906","20220517","111","屏東縣","10013","公有土地","28974.444","29158"
191,"20240906","20220517","111","屏東縣","10013","其他單位","24.787","63"
192,"20240906","20220517","111","屏東縣","10013","所有權部總計","68012.01","124663"
193,"20240906","20220517","111","花蓮縣","10015","私有保留地","15505.019","67437"
194,"20240906","20220517","111","花蓮縣","10015","國有土地","15305.495","24512"
195,"20240906","20220517","111","花蓮縣","10015","省有土地","0","0"
196,"20240906","20220517","111","花蓮縣","10015","縣有土地","19.653","263"
197,"20240906","20220517","111","花蓮縣","10015","鄉有土地","15.332","128"
198,"20240906","20220517","111","花蓮縣","10015","公有土地","15340.48","24903"
199,"20240906","20220517","111","花蓮縣","10015","其他單位","20.956","56"
200,"20240906","20220517","111","花蓮縣","10015","所有權部總計","30866.455","92396"
201,"20240906","20220517","111","臺東縣","10014","私有保留地","19033.808","52988"
202,"20240906","20220517","111","臺東縣","10014","國有土地","29296.686","30172"
203,"20240906","20220517","111","臺東縣","10014","省有土地","0","0"
204,"20240906","20220517","111","臺東縣","10014","縣有土地","43.371","570"
205,"20240906","20220517","111","臺東縣","10014","鄉有土地","17.938","259"
206,"20240906","20220517","111","臺東縣","10014","公有土地","29357.995","31001"
207,"20240906","20220517","111","臺東縣","10014","其他單位","14.78","36"
208,"20240906","20220517","111","臺東縣","10014","所有權部總計","48406.583","84025"
209,"20240906","20180601","107","臺中市","66000","私有保留地","937.464","4863"
210,"20240906","20180601","107","臺中市","66000","國有土地","5433.103","13720"
211,"20240906","20180601","107","臺中市","66000","省有土地","0","0"
212,"20240906","20180601","107","臺中市","66000","縣有土地","0","0"
213,"20240906","20180601","107","臺中市","66000","鄉有土地","5.246","72"
214,"20240906","20180601","107","臺中市","66000","公有土地","5438.349","13792"
215,"20240906","20180601","107","臺中市","66000","其他單位","",""
216,"20240906","20180601","107","臺中市","66000","所有權部總計","",""
217,"20240906","20180601","107","基隆市","10017","私有保留地","0.221","92"
218,"20240906","20180601","107","基隆市","10017","國有土地","3.149","47"
219,"20240906","20180601","107","基隆市","10017","省有土地","0","0"
220,"20240906","20180601","107","基隆市","10017","縣有土地","0","0"
221,"20240906","20180601","107","基隆市","10017","鄉有土地","0.082","2"
222,"20240906","20180601","107","基隆市","10017","公有土地","3.231","49"
223,"20240906","20180601","107","基隆市","10017","其他單位","",""
224,"20240906","20180601","107","基隆市","10017","所有權部總計","",""
225,"20240906","20180601","107","高雄市","64000","私有保留地","7984.441","17503"
226,"20240906","20180601","107","高雄市","64000","國有土地","8734.467","7294"
227,"20240906","20180601","107","高雄市","64000","省有土地","0","0"
228,"20240906","20180601","107","高雄市","64000","縣有土地","0","0"
229,"20240906","20180601","107","高雄市","64000","鄉有土地","15.158","194"
230,"20240906","20180601","107","高雄市","64000","公有土地","8749.625","7488"
231,"20240906","20180601","107","高雄市","64000","其他單位","",""
232,"20240906","20180601","107","高雄市","64000","所有權部總計","",""
233,"20240906","20180601","107","新北市","65000","私有保留地","885.187","4784"
234,"20240906","20180601","107","新北市","65000","國有土地","1223.724","4196"
235,"20240906","20180601","107","新北市","65000","省有土地","0","0"
236,"20240906","20180601","107","新北市","65000","縣有土地","0","0"
237,"20240906","20180601","107","新北市","65000","鄉有土地","0","0"
238,"20240906","20180601","107","新北市","65000","公有土地","1223.724","4196"
239,"20240906","20180601","107","新北市","65000","其他單位","",""
240,"20240906","20180601","107","新北市","65000","所有權部總計","",""
241,"20240906","20180601","107","宜蘭縣","10002","私有保留地","6090.974","22241"
242,"20240906","20180601","107","宜蘭縣","10002","國有土地","8675.394","12040"
243,"20240906","20180601","107","宜蘭縣","10002","省有土地","0","0"
244,"20240906","20180601","107","宜蘭縣","10002","縣有土地","1.828","34"
245,"20240906","20180601","107","宜蘭縣","10002","鄉有土地","1.641","32"
246,"20240906","20180601","107","宜蘭縣","10002","公有土地","8678.863","12106"
247,"20240906","20180601","107","宜蘭縣","10002","其他單位","",""
248,"20240906","20180601","107","宜蘭縣","10002","所有權部總計","",""
249,"20240906","20180601","107","桃園市","68000","私有保留地","4618.276","20288"
250,"20240906","20180601","107","桃園市","68000","國有土地","7401.205","15267"
251,"20240906","20180601","107","桃園市","68000","省有土地","0","0"
252,"20240906","20180601","107","桃園市","68000","縣有土地","0","0"
253,"20240906","20180601","107","桃園市","68000","鄉有土地","2.42","67"
254,"20240906","20180601","107","桃園市","68000","公有土地","7403.625","15334"
255,"20240906","20180601","107","桃園市","68000","其他單位","",""
256,"20240906","20180601","107","桃園市","68000","所有權部總計","",""
257,"20240906","20180601","107","新竹縣","10004","私有保留地","12060.113","32191"
258,"20240906","20180601","107","新竹縣","10004","國有土地","6109.285","10802"
259,"20240906","20180601","107","新竹縣","10004","省有土地","0","0"
260,"20240906","20180601","107","新竹縣","10004","縣有土地","1.259","28"
261,"20240906","20180601","107","新竹縣","10004","鄉有土地","0.839","18"
262,"20240906","20180601","107","新竹縣","10004","公有土地","6111.383","10848"
263,"20240906","20180601","107","新竹縣","10004","其他單位","",""
264,"20240906","20180601","107","新竹縣","10004","所有權部總計","",""
265,"20240906","20180601","107","苗栗縣","10005","私有保留地","5006.736","17783"
266,"20240906","20180601","107","苗栗縣","10005","國有土地","4053.224","6807"
267,"20240906","20180601","107","苗栗縣","10005","省有土地","0","0"
268,"20240906","20180601","107","苗栗縣","10005","縣有土地","7.785","96"
269,"20240906","20180601","107","苗栗縣","10005","鄉有土地","0.419","15"
270,"20240906","20180601","107","苗栗縣","10005","公有土地","4061.428","6918"
271,"20240906","20180601","107","苗栗縣","10005","其他單位","",""
272,"20240906","20180601","107","苗栗縣","10005","所有權部總計","",""
273,"20240906","20180601","107","南投縣","10008","私有保留地","10307.619","32544"
274,"20240906","20180601","107","南投縣","10008","國有土地","21814.993","26503"
275,"20240906","20180601","107","南投縣","10008","省有土地","0","0"
276,"20240906","20180601","107","南投縣","10008","縣有土地","2.387","176"
277,"20240906","20180601","107","南投縣","10008","鄉有土地","3.664","93"
278,"20240906","20180601","107","南投縣","10008","公有土地","21821.044","26772"
279,"20240906","20180601","107","南投縣","10008","其他單位","",""
280,"20240906","20180601","107","南投縣","10008","所有權部總計","",""
281,"20240906","20180601","107","嘉義縣","10010","私有保留地","4505.067","8424"
282,"20240906","20180601","107","嘉義縣","10010","國有土地","2105.769","2194"
283,"20240906","20180601","107","嘉義縣","10010","省有土地","0","0"
284,"20240906","20180601","107","嘉義縣","10010","縣有土地","5.714","66"
285,"20240906","20180601","107","嘉義縣","10010","鄉有土地","0.21","15"
286,"20240906","20180601","107","嘉義縣","10010","公有土地","2111.693","2275"
287,"20240906","20180601","107","嘉義縣","10010","其他單位","",""
288,"20240906","20180601","107","嘉義縣","10010","所有權部總計","",""
289,"20240906","20180601","107","屏東縣","10013","私有保留地","34439.253","84072"
290,"20240906","20180601","107","屏東縣","10013","國有土地","33803.024","33846"
291,"20240906","20180601","107","屏東縣","10013","省有土地","0","0"
292,"20240906","20180601","107","屏東縣","10013","縣有土地","8.014","263"
293,"20240906","20180601","107","屏東縣","10013","鄉有土地","3.302","84"
294,"20240906","20180601","107","屏東縣","10013","公有土地","33814.34","34193"
295,"20240906","20180601","107","屏東縣","10013","其他單位","",""
296,"20240906","20180601","107","屏東縣","10013","所有權部總計","",""
297,"20240906","20180601","107","花蓮縣","10015","私有保留地","13408.09","57899"
298,"20240906","20180601","107","花蓮縣","10015","國有土地","16947.819","27602"
299,"20240906","20180601","107","花蓮縣","10015","省有土地","0","0"
300,"20240906","20180601","107","花蓮縣","10015","縣有土地","31.438","412"
301,"20240906","20180601","107","花蓮縣","10015","鄉有土地","13.168","98"
302,"20240906","20180601","107","花蓮縣","10015","公有土地","16992.425","28112"
303,"20240906","20180601","107","花蓮縣","10015","其他單位","",""
304,"20240906","20180601","107","花蓮縣","10015","所有權部總計","",""
305,"20240906","20180601","107","臺東縣","10014","私有保留地","17048.553","44695"
306,"20240906","20180601","107","臺東縣","10014","國有土地","31020.293","31652"
307,"20240906","20180601","107","臺東縣","10014","省有土地","0","0"
308,"20240906","20180601","107","臺東縣","10014","縣有土地","52.312","549"
309,"20240906","20180601","107","臺東縣","10014","鄉有土地","16.095","224"
310,"20240906","20180601","107","臺東縣","10014","公有土地","31088.7","32425"
311,"20240906","20180601","107","臺東縣","10014","其他單位","",""
312,"20240906","20180601","107","臺東縣","10014","所有權部總計","",""
313,"20240906","20231017","112","臺中市","66000","私有保留地","1298.807","6414"
314,"20240906","20231017","112","臺中市","66000","國有土地","5083.467","13360"
315,"20240906","20231017","112","臺中市","66000","省有土地","0","0"
316,"20240906","20231017","112","臺中市","66000","縣有土地","0","0"
317,"20240906","20231017","112","臺中市","66000","鄉有土地","5.289","71"
318,"20240906","20231017","112","臺中市","66000","公有土地","5088.756","13431"
319,"20240906","20231017","112","臺中市","66000","其他單位","1.254","2"
320,"20240906","20231017","112","臺中市","66000","所有權部總計","6388.817","19847"
321,"20240906","20231017","112","基隆市","10017","私有保留地","0.283","192"
322,"20240906","20231017","112","基隆市","10017","國有土地","3.104","47"
323,"20240906","20231017","112","基隆市","10017","省有土地","0","0"
324,"20240906","20231017","112","基隆市","10017","縣有土地","0","0"
325,"20240906","20231017","112","基隆市","10017","鄉有土地","0.064","2"
326,"20240906","20231017","112","基隆市","10017","公有土地","3.168","49"
327,"20240906","20231017","112","基隆市","10017","其他單位","0.001","0"
328,"20240906","20231017","112","基隆市","10017","所有權部總計","3.452","241"
329,"20240906","20231017","112","高雄市","64000","私有保留地","9261.655","19773"
330,"20240906","20231017","112","高雄市","64000","國有土地","7553.88","6684"
331,"20240906","20231017","112","高雄市","64000","省有土地","0","0"
332,"20240906","20231017","112","高雄市","64000","縣有土地","0","0"
333,"20240906","20231017","112","高雄市","64000","鄉有土地","17.68","191"
334,"20240906","20231017","112","高雄市","64000","公有土地","7571.56","6875"
335,"20240906","20231017","112","高雄市","64000","其他單位","1.868","5"
336,"20240906","20231017","112","高雄市","64000","所有權部總計","16835.083","26653"
337,"20240906","20231017","112","新北市","65000","私有保留地","1008.368","5586"
338,"20240906","20231017","112","新北市","65000","國有土地","1099.213","4078"
339,"20240906","20231017","112","新北市","65000","省有土地","0","0"
340,"20240906","20231017","112","新北市","65000","縣有土地","0","0"
341,"20240906","20231017","112","新北市","65000","鄉有土地","0.272","11"
342,"20240906","20231017","112","新北市","65000","公有土地","1099.485","4089"
343,"20240906","20231017","112","新北市","65000","其他單位","0.497","14"
344,"20240906","20231017","112","新北市","65000","所有權部總計","2108.35","9689"
345,"20240906","20231017","112","宜蘭縣","10002","私有保留地","6520.903","25578"
346,"20240906","20231017","112","宜蘭縣","10002","國有土地","8229.879","11230"
347,"20240906","20231017","112","宜蘭縣","10002","省有土地","0","0"
348,"20240906","20231017","112","宜蘭縣","10002","縣有土地","2.511","70"
349,"20240906","20231017","112","宜蘭縣","10002","鄉有土地","2.474","57"
350,"20240906","20231017","112","宜蘭縣","10002","公有土地","8234.864","11357"
351,"20240906","20231017","112","宜蘭縣","10002","其他單位","2.621","6"
352,"20240906","20231017","112","宜蘭縣","10002","所有權部總計","14758.388","36941"
353,"20240906","20231017","112","桃園市","68000","私有保留地","5387.717","24808"
354,"20240906","20231017","112","桃園市","68000","國有土地","6683.931","15224"
355,"20240906","20231017","112","桃園市","68000","省有土地","0","0"
356,"20240906","20231017","112","桃園市","68000","縣有土地","0","0"
357,"20240906","20231017","112","桃園市","68000","鄉有土地","1.89","13"
358,"20240906","20231017","112","桃園市","68000","公有土地","6685.821","15237"
359,"20240906","20231017","112","桃園市","68000","其他單位","9.017","94"
360,"20240906","20231017","112","桃園市","68000","所有權部總計","12082.555","40139"
361,"20240906","20231017","112","新竹縣","10004","私有保留地","12804.645","36798"
362,"20240906","20231017","112","新竹縣","10004","國有土地","5346.472","10196"
363,"20240906","20231017","112","新竹縣","10004","省有土地","0","0"
364,"20240906","20231017","112","新竹縣","10004","縣有土地","1.749","45"
365,"20240906","20231017","112","新竹縣","10004","鄉有土地","0.895","20"
366,"20240906","20231017","112","新竹縣","10004","公有土地","5349.116","10261"
367,"20240906","20231017","112","新竹縣","10004","其他單位","3.467","10"
368,"20240906","20231017","112","新竹縣","10004","所有權部總計","18157.228","47069"
369,"20240906","20231017","112","苗栗縣","10005","私有保留地","5444.639","20015"
370,"20240906","20231017","112","苗栗縣","10005","國有土地","3670.322","6431"
371,"20240906","20231017","112","苗栗縣","10005","省有土地","0","0"
372,"20240906","20231017","112","苗栗縣","10005","縣有土地","9.81","128"
373,"20240906","20231017","112","苗栗縣","10005","鄉有土地","0.422","16"
374,"20240906","20231017","112","苗栗縣","10005","公有土地","3680.554","6575"
375,"20240906","20231017","112","苗栗縣","10005","其他單位","6.542","24"
376,"20240906","20231017","112","苗栗縣","10005","所有權部總計","9131.735","26614"
377,"20240906","20231017","112","南投縣","10008","私有保留地","13029.693","40133"
378,"20240906","20231017","112","南投縣","10008","國有土地","18958.444","25890"
379,"20240906","20231017","112","南投縣","10008","省有土地","0","0"
380,"20240906","20231017","112","南投縣","10008","縣有土地","3.203","182"
381,"20240906","20231017","112","南投縣","10008","鄉有土地","3.664","93"
382,"20240906","20231017","112","南投縣","10008","公有土地","18965.311","26165"
383,"20240906","20231017","112","南投縣","10008","其他單位","1.674","15"
384,"20240906","20231017","112","南投縣","10008","所有權部總計","31996.678","66313"
385,"20240906","20231017","112","嘉義縣","10010","私有保留地","5004.821","9541"
386,"20240906","20231017","112","嘉義縣","10010","國有土地","1681.633","1944"
387,"20240906","20231017","112","嘉義縣","10010","省有土地","0","0"
388,"20240906","20231017","112","嘉義縣","10010","縣有土地","5.736","66"
389,"20240906","20231017","112","嘉義縣","10010","鄉有土地","0.23","16"
390,"20240906","20231017","112","嘉義縣","10010","公有土地","1687.599","2026"
391,"20240906","20231017","112","嘉義縣","10010","其他單位","2.314","29"
392,"20240906","20231017","112","嘉義縣","10010","所有權部總計","6694.734","11596"
393,"20240906","20231017","112","屏東縣","10013","私有保留地","40243.106","99003"
394,"20240906","20231017","112","屏東縣","10013","國有土地","27779.781","27040"
395,"20240906","20231017","112","屏東縣","10013","省有土地","0","0"
396,"20240906","20231017","112","屏東縣","10013","縣有土地","8.111","272"
397,"20240906","20231017","112","屏東縣","10013","鄉有土地","4.732","101"
398,"20240906","20231017","112","屏東縣","10013","公有土地","27792.624","27413"
399,"20240906","20231017","112","屏東縣","10013","其他單位","3.32","21"
400,"20240906","20231017","112","屏東縣","10013","所有權部總計","68039.05","126437"
401,"20240906","20231017","112","花蓮縣","10015","私有保留地","16113.862","70383"
402,"20240906","20231017","112","花蓮縣","10015","國有土地","14851.852","23993"
403,"20240906","20231017","112","花蓮縣","10015","省有土地","0","0"
404,"20240906","20231017","112","花蓮縣","10015","縣有土地","10.837","160"
405,"20240906","20231017","112","花蓮縣","10015","鄉有土地","15.915","143"
406,"20240906","20231017","112","花蓮縣","10015","公有土地","14878.604","24296"
407,"20240906","20231017","112","花蓮縣","10015","其他單位","2.106","16"
408,"20240906","20231017","112","花蓮縣","10015","所有權部總計","30994.572","94695"
409,"20240906","20231017","112","臺東縣","10014","私有保留地","19754.019","55989"
410,"20240906","20231017","112","臺東縣","10014","國有土地","28762.371","29888"
411,"20240906","20231017","112","臺東縣","10014","省有土地","0","0"
412,"20240906","20231017","112","臺東縣","10014","縣有土地","47.003","577"
413,"20240906","20231017","112","臺東縣","10014","鄉有土地","18.051","262"
414,"20240906","20231017","112","臺東縣","10014","公有土地","28827.425","30727"
415,"20240906","20231017","112","臺東縣","10014","其他單位","2.864","11"
416,"20240906","20231017","112","臺東縣","10014","所有權部總計","48584.308","86727"
417,"20240906","20240409","113","臺中市","66000","私有保留地","1340.98","6559"
418,"20240906","20240409","113","臺中市","66000","國有土地","5040.02","13267"
419,"20240906","20240409","113","臺中市","66000","省有土地","0","0"
420,"20240906","20240409","113","臺中市","66000","縣有土地","0","0"
421,"20240906","20240409","113","臺中市","66000","鄉有土地","5.289","71"
422,"20240906","20240409","113","臺中市","66000","公有土地","5045.31","13338"
423,"20240906","20240409","113","臺中市","66000","其他單位","1.254","2"
424,"20240906","20240409","113","臺中市","66000","所有權部總計","6387.55","19899"
425,"20240906","20240409","113","基隆市","10017","私有保留地","0.286","192"
426,"20240906","20240409","113","基隆市","10017","國有土地","3.101","47"
427,"20240906","20240409","113","基隆市","10017","省有土地","0","0"
428,"20240906","20240409","113","基隆市","10017","縣有土地","0","0"
429,"20240906","20240409","113","基隆市","10017","鄉有土地","0.064","2"
430,"20240906","20240409","113","基隆市","10017","公有土地","3.165","49"
431,"20240906","20240409","113","基隆市","10017","其他單位","0.001","0"
432,"20240906","20240409","113","基隆市","10017","所有權部總計","3.452","241"
433,"20240906","20240409","113","高雄市","64000","私有保留地","9303.58","19862"
434,"20240906","20240409","113","高雄市","64000","國有土地","7437.16","6664"
435,"20240906","20240409","113","高雄市","64000","省有土地","0","0"
436,"20240906","20240409","113","高雄市","64000","縣有土地","0","0"
437,"20240906","20240409","113","高雄市","64000","鄉有土地","17.68","191"
438,"20240906","20240409","113","高雄市","64000","公有土地","7454.84","6855"
439,"20240906","20240409","113","高雄市","64000","其他單位","1.867","5"
440,"20240906","20240409","113","高雄市","64000","所有權部總計","16760.28","26722"
441,"20240906","20240409","113","新北市","65000","私有保留地","1020.06","5609"
442,"20240906","20240409","113","新北市","65000","國有土地","1089.03","4063"
443,"20240906","20240409","113","新北市","65000","省有土地","0","0"
444,"20240906","20240409","113","新北市","65000","縣有土地","0","0"
445,"20240906","20240409","113","新北市","65000","鄉有土地","0.272","11"
446,"20240906","20240409","113","新北市","65000","公有土地","1089.3","4074"
447,"20240906","20240409","113","新北市","65000","其他單位","0.498","14"
448,"20240906","20240409","113","新北市","65000","所有權部總計","2109.86","9697"
449,"20240906","20240409","113","宜蘭縣","10002","私有保留地","6525.74","25641"
450,"20240906","20240409","113","宜蘭縣","10002","國有土地","8222.09","11208"
451,"20240906","20240409","113","宜蘭縣","10002","省有土地","0","0"
452,"20240906","20240409","113","宜蘭縣","10002","縣有土地","2.511","70"
453,"20240906","20240409","113","宜蘭縣","10002","鄉有土地","2.474","57"
454,"20240906","20240409","113","宜蘭縣","10002","公有土地","8227.07","11335"
455,"20240906","20240409","113","宜蘭縣","10002","其他單位","2.621","6"
456,"20240906","20240409","113","宜蘭縣","10002","所有權部總計","14755.44","36982"
457,"20240906","20240409","113","桃園市","68000","私有保留地","5453.17","24999"
458,"20240906","20240409","113","桃園市","68000","國有土地","6622.2","15154"
459,"20240906","20240409","113","桃園市","68000","省有土地","0","0"
460,"20240906","20240409","113","桃園市","68000","縣有土地","0","0"
461,"20240906","20240409","113","桃園市","68000","鄉有土地","1.89","13"
462,"20240906","20240409","113","桃園市","68000","公有土地","6624.09","15167"
463,"20240906","20240409","113","桃園市","68000","其他單位","9.016","94"
464,"20240906","20240409","113","桃園市","68000","所有權部總計","12086.28","40260"
465,"20240906","20240409","113","新竹縣","10004","私有保留地","12829.48","36914"
466,"20240906","20240409","113","新竹縣","10004","國有土地","5314.79","10191"
467,"20240906","20240409","113","新竹縣","10004","省有土地","0","0"
468,"20240906","20240409","113","新竹縣","10004","縣有土地","1.749","45"
469,"20240906","20240409","113","新竹縣","10004","鄉有土地","0.894","20"
470,"20240906","20240409","113","新竹縣","10004","公有土地","5317.44","10256"
471,"20240906","20240409","113","新竹縣","10004","其他單位","3.468","10"
472,"20240906","20240409","113","新竹縣","10004","所有權部總計","18150.38","47180"
473,"20240906","20240409","113","苗栗縣","10005","私有保留地","5459.69","20151"
474,"20240906","20240409","113","苗栗縣","10005","國有土地","3659.03","6388"
475,"20240906","20240409","113","苗栗縣","10005","省有土地","0","0"
476,"20240906","20240409","113","苗栗縣","10005","縣有土地","9.813","128"
477,"20240906","20240409","113","苗栗縣","10005","鄉有土地","0.425","16"
478,"20240906","20240409","113","苗栗縣","10005","公有土地","3669.27","6532"
479,"20240906","20240409","113","苗栗縣","10005","其他單位","5.878","23"
480,"20240906","20240409","113","苗栗縣","10005","所有權部總計","9134.84","26706"
481,"20240906","20240409","113","南投縣","10008","私有保留地","13187.71","40737"
482,"20240906","20240409","113","南投縣","10008","國有土地","18801.98","26023"
483,"20240906","20240409","113","南投縣","10008","省有土地","0","0"
484,"20240906","20240409","113","南投縣","10008","縣有土地","3.203","182"
485,"20240906","20240409","113","南投縣","10008","鄉有土地","3.664","93"
486,"20240906","20240409","113","南投縣","10008","公有土地","18808.84","26298"
487,"20240906","20240409","113","南投縣","10008","其他單位","1.674","15"
488,"20240906","20240409","113","南投縣","10008","所有權部總計","31998.23","67050"
489,"20240906","20240409","113","嘉義縣","10010","私有保留地","5062.86","9613"
490,"20240906","20240409","113","嘉義縣","10010","國有土地","1638.78","1922"
491,"20240906","20240409","113","嘉義縣","10010","省有土地","0","0"
492,"20240906","20240409","113","嘉義縣","10010","縣有土地","5.736","66"
493,"20240906","20240409","113","嘉義縣","10010","鄉有土地","0.23","16"
494,"20240906","20240409","113","嘉義縣","10010","公有土地","1644.74","2004"
495,"20240906","20240409","113","嘉義縣","10010","其他單位","2.315","29"
496,"20240906","20240409","113","嘉義縣","10010","所有權部總計","6709.92","11646"
497,"20240906","20240409","113","屏東縣","10013","私有保留地","40398.08","99758"
498,"20240906","20240409","113","屏東縣","10013","國有土地","27608.47","26817"
499,"20240906","20240409","113","屏東縣","10013","省有土地","0","0"
500,"20240906","20240409","113","屏東縣","10013","縣有土地","8.123","273"
501,"20240906","20240409","113","屏東縣","10013","鄉有土地","4.732","101"
502,"20240906","20240409","113","屏東縣","10013","公有土地","27621.33","27191"
503,"20240906","20240409","113","屏東縣","10013","其他單位","4.285","21"
504,"20240906","20240409","113","屏東縣","10013","所有權部總計","68023.69","126970"
505,"20240906","20240409","113","花蓮縣","10015","私有保留地","16231.76","71115"
506,"20240906","20240409","113","花蓮縣","10015","國有土地","14755.23","23875"
507,"20240906","20240409","113","花蓮縣","10015","省有土地","0","0"
508,"20240906","20240409","113","花蓮縣","10015","縣有土地","9.821","149"
509,"20240906","20240409","113","花蓮縣","10015","鄉有土地","15.645","135"
510,"20240906","20240409","113","花蓮縣","10015","公有土地","14780.7","24159"
511,"20240906","20240409","113","花蓮縣","10015","其他單位","2.052","15"
512,"20240906","20240409","113","花蓮縣","10015","所有權部總計","31014.51","95289"
513,"20240906","20240409","113","臺東縣","10014","私有保留地","19995.716","57013"
514,"20240906","20240409","113","臺東縣","10014","國有土地","28571.003","29523"
515,"20240906","20240409","113","臺東縣","10014","省有土地","0","0"
516,"20240906","20240409","113","臺東縣","10014","縣有土地","44.412","570"
517,"20240906","20240409","113","臺東縣","10014","鄉有土地","18.432","264"
518,"20240906","20240409","113","臺東縣","10014","公有土地","28633.847","30357"
519,"20240906","20240409","113","臺東縣","10014","其他單位","2.863","11"
520,"20240906","20240409","113","臺東縣","10014","所有權部總計","48632.426","87381"
