Seq,DateListed,民國年,統計日期,縣市,縣市別代碼,統計項目,數值
1,"20230730","107","20181231","臺中市","66000","原住民保留地土地_面積_公頃","6379.348"
2,"20230730","107","20181231","臺中市","66000","建地_住商行工文等區及甲乙丙丁建地_面積_公頃","92.707"
3,"20230730","107","20181231","臺中市","66000","農業區_農牧用地_面積_公頃","2943.042"
4,"20230730","107","20181231","臺中市","66000","林業用地_面積_公頃","2628.161"
5,"20230730","107","20181231","臺中市","66000","其他_含交通特目水利國土保安等用地_面積_公頃","715.438"
6,"20230730","107","20181231","基隆市","10017","原住民保留地土地_面積_公頃","3.452"
7,"20230730","107","20181231","基隆市","10017","建地_住商行工文等區及甲乙丙丁建地_面積_公頃","1.669"
8,"20230730","107","20181231","基隆市","10017","農業區_農牧用地_面積_公頃","0"
9,"20230730","107","20181231","基隆市","10017","林業用地_面積_公頃","0"
10,"20230730","107","20181231","基隆市","10017","其他_含交通特目水利國土保安等用地_面積_公頃","1.783"
11,"20230730","107","20181231","高雄市","64000","原住民保留地土地_面積_公頃","16516.124"
12,"20230730","107","20181231","高雄市","64000","建地_住商行工文等區及甲乙丙丁建地_面積_公頃","81.747"
13,"20230730","107","20181231","高雄市","64000","農業區_農牧用地_面積_公頃","4198.007"
14,"20230730","107","20181231","高雄市","64000","林業用地_面積_公頃","11844.539"
15,"20230730","107","20181231","高雄市","64000","其他_含交通特目水利國土保安等用地_面積_公頃","391.831"
16,"20230730","107","20181231","新北市","65000","原住民保留地土地_面積_公頃","2105.132"
17,"20230730","107","20181231","新北市","65000","建地_住商行工文等區及甲乙丙丁建地_面積_公頃","10.907"
18,"20230730","107","20181231","新北市","65000","農業區_農牧用地_面積_公頃","0"
19,"20230730","107","20181231","新北市","65000","林業用地_面積_公頃","1.033"
20,"20230730","107","20181231","新北市","65000","其他_含交通特目水利國土保安等用地_面積_公頃","2093.192"
21,"20230730","107","20181231","宜蘭縣","10002","原住民保留地土地_面積_公頃","14771.783"
22,"20230730","107","20181231","宜蘭縣","10002","建地_住商行工文等區及甲乙丙丁建地_面積_公頃","101.113"
23,"20230730","107","20181231","宜蘭縣","10002","農業區_農牧用地_面積_公頃","4127.613"
24,"20230730","107","20181231","宜蘭縣","10002","林業用地_面積_公頃","10074.778"
25,"20230730","107","20181231","宜蘭縣","10002","其他_含交通特目水利國土保安等用地_面積_公頃","468.279"
26,"20230730","107","20181231","桃園市","68000","原住民保留地土地_面積_公頃","12048.332"
27,"20230730","107","20181231","桃園市","68000","建地_住商行工文等區及甲乙丙丁建地_面積_公頃","95.474"
28,"20230730","107","20181231","桃園市","68000","農業區_農牧用地_面積_公頃","2238.576"
29,"20230730","107","20181231","桃園市","68000","林業用地_面積_公頃","8455.572"
30,"20230730","107","20181231","桃園市","68000","其他_含交通特目水利國土保安等用地_面積_公頃","1258.71"
31,"20230730","107","20181231","新竹縣","10004","原住民保留地土地_面積_公頃","18193.458"
32,"20230730","107","20181231","新竹縣","10004","建地_住商行工文等區及甲乙丙丁建地_面積_公頃","88.829"
33,"20230730","107","20181231","新竹縣","10004","農業區_農牧用地_面積_公頃","4611.681"
34,"20230730","107","20181231","新竹縣","10004","林業用地_面積_公頃","13273.492"
35,"20230730","107","20181231","新竹縣","10004","其他_含交通特目水利國土保安等用地_面積_公頃","219.456"
36,"20230730","107","20181231","苗栗縣","10005","原住民保留地土地_面積_公頃","9085.12"
37,"20230730","107","20181231","苗栗縣","10005","建地_住商行工文等區及甲乙丙丁建地_面積_公頃","55.351"
38,"20230730","107","20181231","苗栗縣","10005","農業區_農牧用地_面積_公頃","2876.683"
39,"20230730","107","20181231","苗栗縣","10005","林業用地_面積_公頃","5947.562"
40,"20230730","107","20181231","苗栗縣","10005","其他_含交通特目水利國土保安等用地_面積_公頃","205.524"
41,"20230730","107","20181231","南投縣","10008","原住民保留地土地_面積_公頃","32044.916"
42,"20230730","107","20181231","南投縣","10008","建地_住商行工文等區及甲乙丙丁建地_面積_公頃","214.362"
43,"20230730","107","20181231","南投縣","10008","農業區_農牧用地_面積_公頃","9401.3"
44,"20230730","107","20181231","南投縣","10008","林業用地_面積_公頃","21118.199"
45,"20230730","107","20181231","南投縣","10008","其他_含交通特目水利國土保安等用地_面積_公頃","1311.055"
46,"20230730","107","20181231","嘉義縣","10010","原住民保留地土地_面積_公頃","6646.395"
47,"20230730","107","20181231","嘉義縣","10010","建地_住商行工文等區及甲乙丙丁建地_面積_公頃","34.421"
48,"20230730","107","20181231","嘉義縣","10010","農業區_農牧用地_面積_公頃","3264.467"
49,"20230730","107","20181231","嘉義縣","10010","林業用地_面積_公頃","3114.672"
50,"20230730","107","20181231","嘉義縣","10010","其他_含交通特目水利國土保安等用地_面積_公頃","232.835"
51,"20230730","107","20181231","屏東縣","10013","原住民保留地土地_面積_公頃","68128.425"
52,"20230730","107","20181231","屏東縣","10013","建地_住商行工文等區及甲乙丙丁建地_面積_公頃","283.58"
53,"20230730","107","20181231","屏東縣","10013","農業區_農牧用地_面積_公頃","16368.439"
54,"20230730","107","20181231","屏東縣","10013","林業用地_面積_公頃","49102.969"
55,"20230730","107","20181231","屏東縣","10013","其他_含交通特目水利國土保安等用地_面積_公頃","2373.437"
56,"20230730","107","20181231","花蓮縣","10015","原住民保留地土地_面積_公頃","30419.984"
57,"20230730","107","20181231","花蓮縣","10015","建地_住商行工文等區及甲乙丙丁建地_面積_公頃","324.096"
58,"20230730","107","20181231","花蓮縣","10015","農業區_農牧用地_面積_公頃","11153.296"
59,"20230730","107","20181231","花蓮縣","10015","林業用地_面積_公頃","16058.841"
60,"20230730","107","20181231","花蓮縣","10015","其他_含交通特目水利國土保安等用地_面積_公頃","2883.751"
61,"20230730","107","20181231","臺東縣","10014","原住民保留地土地_面積_公頃","48118.299"
62,"20230730","107","20181231","臺東縣","10014","建地_住商行工文等區及甲乙丙丁建地_面積_公頃","354.172"
63,"20230730","107","20181231","臺東縣","10014","農業區_農牧用地_面積_公頃","14515.214"
64,"20230730","107","20181231","臺東縣","10014","林業用地_面積_公頃","31491.188"
65,"20230730","107","20181231","臺東縣","10014","其他_含交通特目水利國土保安等用地_面積_公頃","1757.725"
66,"20230730","108","20191231","臺中市","66000","原住民保留地土地_面積_公頃","6378.765"
67,"20230730","108","20191231","臺中市","66000","建地_住商行工文等區及甲乙丙丁建地_面積_公頃","93.976"
68,"20230730","108","20191231","臺中市","66000","農業區_農牧用地_面積_公頃","2952.881"
69,"20230730","108","20191231","臺中市","66000","林業用地_面積_公頃","2655.955"
70,"20230730","108","20191231","臺中市","66000","其他_含交通特目水利國土保安等用地_面積_公頃","675.953"
71,"20230730","108","20191231","基隆市","10017","原住民保留地土地_面積_公頃","3.452"
72,"20230730","108","20191231","基隆市","10017","建地_住商行工文等區及甲乙丙丁建地_面積_公頃","1.669"
73,"20230730","108","20191231","基隆市","10017","農業區_農牧用地_面積_公頃","0"
74,"20230730","108","20191231","基隆市","10017","林業用地_面積_公頃","0"
75,"20230730","108","20191231","基隆市","10017","其他_含交通特目水利國土保安等用地_面積_公頃","1.783"
76,"20230730","108","20191231","高雄市","64000","原住民保留地土地_面積_公頃","16573.105"
77,"20230730","108","20191231","高雄市","64000","建地_住商行工文等區及甲乙丙丁建地_面積_公頃","83.193"
78,"20230730","108","20191231","高雄市","64000","農業區_農牧用地_面積_公頃","4211.47"
79,"20230730","108","20191231","高雄市","64000","林業用地_面積_公頃","11891.132"
80,"20230730","108","20191231","高雄市","64000","其他_含交通特目水利國土保安等用地_面積_公頃","387.31"
81,"20230730","108","20191231","新北市","65000","原住民保留地土地_面積_公頃","2111.405"
82,"20230730","108","20191231","新北市","65000","建地_住商行工文等區及甲乙丙丁建地_面積_公頃","10.921"
83,"20230730","108","20191231","新北市","65000","農業區_農牧用地_面積_公頃","0.566"
84,"20230730","108","20191231","新北市","65000","林業用地_面積_公頃","1.033"
85,"20230730","108","20191231","新北市","65000","其他_含交通特目水利國土保安等用地_面積_公頃","2098.885"
86,"20230730","108","20191231","宜蘭縣","10002","原住民保留地土地_面積_公頃","14793.674"
87,"20230730","108","20191231","新北市","65000","建地_住商行工文等區及甲乙丙丁建地_面積_公頃","102.551"
88,"20230730","108","20191231","新北市","65000","農業區_農牧用地_面積_公頃","4132.054"
89,"20230730","108","20191231","新北市","65000","林業用地_面積_公頃","10086.497"
90,"20230730","108","20191231","新北市","65000","其他_含交通特目水利國土保安等用地_面積_公頃","472.572"
91,"20230730","108","20191231","桃園市","68000","原住民保留地土地_面積_公頃","12058.566"
92,"20230730","108","20191231","桃園市","68000","建地_住商行工文等區及甲乙丙丁建地_面積_公頃","97.251"
93,"20230730","108","20191231","桃園市","68000","農業區_農牧用地_面積_公頃","2239.132"
94,"20230730","108","20191231","桃園市","68000","林業用地_面積_公頃","8463.657"
95,"20230730","108","20191231","桃園市","68000","其他_含交通特目水利國土保安等用地_面積_公頃","1258.526"
96,"20230730","108","20191231","新竹縣","10004","原住民保留地土地_面積_公頃","18189.965"
97,"20230730","108","20191231","新竹縣","10004","建地_住商行工文等區及甲乙丙丁建地_面積_公頃","88.838"
98,"20230730","108","20191231","新竹縣","10004","農業區_農牧用地_面積_公頃","4594.555"
99,"20230730","108","20191231","新竹縣","10004","林業用地_面積_公頃","13286.768"
100,"20230730","108","20191231","新竹縣","10004","其他_含交通特目水利國土保安等用地_面積_公頃","219.804"
101,"20230730","108","20191231","苗栗縣","10005","原住民保留地土地_面積_公頃","9095.013"
102,"20230730","108","20191231","苗栗縣","10005","建地_住商行工文等區及甲乙丙丁建地_面積_公頃","55.385"
103,"20230730","108","20191231","苗栗縣","10005","農業區_農牧用地_面積_公頃","2877.73"
104,"20230730","108","20191231","苗栗縣","10005","林業用地_面積_公頃","5952.083"
105,"20230730","108","20191231","苗栗縣","10005","其他_含交通特目水利國土保安等用地_面積_公頃","209.815"
106,"20230730","108","20191231","南投縣","10008","原住民保留地土地_面積_公頃","32077.51"
107,"20230730","108","20191231","南投縣","10008","建地_住商行工文等區及甲乙丙丁建地_面積_公頃","215.666"
108,"20230730","108","20191231","南投縣","10008","農業區_農牧用地_面積_公頃","9398.484"
109,"20230730","108","20191231","南投縣","10008","林業用地_面積_公頃","21131.898"
110,"20230730","108","20191231","南投縣","10008","其他_含交通特目水利國土保安等用地_面積_公頃","1331.462"
111,"20230730","108","20191231","嘉義縣","10010","原住民保留地土地_面積_公頃","6646.054"
112,"20230730","108","20191231","嘉義縣","10010","建地_住商行工文等區及甲乙丙丁建地_面積_公頃","34.421"
113,"20230730","108","20191231","嘉義縣","10010","農業區_農牧用地_面積_公頃","3252.031"
114,"20230730","108","20191231","嘉義縣","10010","林業用地_面積_公頃","3126.768"
115,"20230730","108","20191231","嘉義縣","10010","其他_含交通特目水利國土保安等用地_面積_公頃","232.834"
116,"20230730","108","20191231","屏東縣","10013","原住民保留地土地_面積_公頃","68149.508"
117,"20230730","108","20191231","屏東縣","10013","建地_住商行工文等區及甲乙丙丁建地_面積_公頃","283.338"
118,"20230730","108","20191231","屏東縣","10013","農業區_農牧用地_面積_公頃","15927.914"
119,"20230730","108","20191231","屏東縣","10013","林業用地_面積_公頃","49553.412"
120,"20230730","108","20191231","屏東縣","10013","其他_含交通特目水利國土保安等用地_面積_公頃","2384.844"
121,"20230730","108","20191231","花蓮縣","10015","原住民保留地土地_面積_公頃","30535.9"
122,"20230730","108","20191231","花蓮縣","10015","建地_住商行工文等區及甲乙丙丁建地_面積_公頃","325.275"
123,"20230730","108","20191231","花蓮縣","10015","農業區_農牧用地_面積_公頃","11245.043"
124,"20230730","108","20191231","花蓮縣","10015","林業用地_面積_公頃","16070.219"
125,"20230730","108","20191231","花蓮縣","10015","其他_含交通特目水利國土保安等用地_面積_公頃","2895.363"
126,"20230730","108","20191231","臺東縣","10014","原住民保留地土地_面積_公頃","48869.288"
127,"20230730","108","20191231","臺東縣","10014","建地_住商行工文等區及甲乙丙丁建地_面積_公頃","358.381"
128,"20230730","108","20191231","臺東縣","10014","農業區_農牧用地_面積_公頃","14567.465"
129,"20230730","108","20191231","臺東縣","10014","林業用地_面積_公頃","31758.742"
130,"20230730","108","20191231","臺東縣","10014","其他_含交通特目水利國土保安等用地_面積_公頃","2184.7"
131,"20230730","109","20201231","臺中市","66000","原住民保留地土地_面積_公頃","6393.211"
132,"20230730","109","20201231","臺中市","66000","建地_住商行工文等區及甲乙丙丁建地_面積_公頃","93.886"
133,"20230730","109","20201231","臺中市","66000","農業區_農牧用地_面積_公頃","2957.715"
134,"20230730","109","20201231","臺中市","66000","林業用地_面積_公頃","2663.098"
135,"20230730","109","20201231","臺中市","66000","其他_含交通特目水利國土保安等用地_面積_公頃","678.512"
136,"20230730","109","20201231","基隆市","10017","原住民保留地土地_面積_公頃","3.452"
137,"20230730","109","20201231","基隆市","10017","建地_住商行工文等區及甲乙丙丁建地_面積_公頃","1.669"
138,"20230730","109","20201231","基隆市","10017","農業區_農牧用地_面積_公頃","0"
139,"20230730","109","20201231","基隆市","10017","林業用地_面積_公頃","0"
140,"20230730","109","20201231","基隆市","10017","其他_含交通特目水利國土保安等用地_面積_公頃","1.783"
141,"20230730","109","20201231","高雄市","64000","原住民保留地土地_面積_公頃","16609.807"
142,"20230730","109","20201231","高雄市","64000","建地_住商行工文等區及甲乙丙丁建地_面積_公頃","83.217"
143,"20230730","109","20201231","高雄市","64000","農業區_農牧用地_面積_公頃","4183.309"
144,"20230730","109","20201231","高雄市","64000","林業用地_面積_公頃","11959.348"
145,"20230730","109","20201231","高雄市","64000","其他_含交通特目水利國土保安等用地_面積_公頃","383.933"
146,"20230730","109","20201231","新北市","65000","原住民保留地土地_面積_公頃","2111.816"
147,"20230730","109","20201231","新北市","65000","建地_住商行工文等區及甲乙丙丁建地_面積_公頃","13.327"
148,"20230730","109","20201231","新北市","65000","農業區_農牧用地_面積_公頃","0.566"
149,"20230730","109","20201231","新北市","65000","林業用地_面積_公頃","1.033"
150,"20230730","109","20201231","新北市","65000","其他_含交通特目水利國土保安等用地_面積_公頃","2096.89"
151,"20230730","109","20201231","宜蘭縣","10002","原住民保留地土地_面積_公頃","14779.992"
152,"20230730","109","20201231","宜蘭縣","10002","建地_住商行工文等區及甲乙丙丁建地_面積_公頃","102.636"
153,"20230730","109","20201231","宜蘭縣","10002","農業區_農牧用地_面積_公頃","4125.765"
154,"20230730","109","20201231","宜蘭縣","10002","林業用地_面積_公頃","10076.61"
155,"20230730","109","20201231","宜蘭縣","10002","其他_含交通特目水利國土保安等用地_面積_公頃","474.981"
156,"20230730","109","20201231","桃園市","68000","原住民保留地土地_面積_公頃","12070.001"
157,"20230730","109","20201231","桃園市","68000","建地_住商行工文等區及甲乙丙丁建地_面積_公頃","98.851"
158,"20230730","109","20201231","桃園市","68000","農業區_農牧用地_面積_公頃","2249.628"
159,"20230730","109","20201231","桃園市","68000","林業用地_面積_公頃","8452.531"
160,"20230730","109","20201231","桃園市","68000","其他_含交通特目水利國土保安等用地_面積_公頃","1268.991"
161,"20230730","109","20201231","新竹縣","10004","原住民保留地土地_面積_公頃","18186.859"
162,"20230730","109","20201231","新竹縣","10004","建地_住商行工文等區及甲乙丙丁建地_面積_公頃","88.743"
163,"20230730","109","20201231","新竹縣","10004","農業區_農牧用地_面積_公頃","4593.902"
164,"20230730","109","20201231","新竹縣","10004","林業用地_面積_公頃","13283.948"
165,"20230730","109","20201231","新竹縣","10004","其他_含交通特目水利國土保安等用地_面積_公頃","220.266"
166,"20230730","109","20201231","苗栗縣","10005","原住民保留地土地_面積_公頃","9108.303"
167,"20230730","109","20201231","苗栗縣","10005","建地_住商行工文等區及甲乙丙丁建地_面積_公頃","55.666"
168,"20230730","109","20201231","苗栗縣","10005","農業區_農牧用地_面積_公頃","2883.958"
169,"20230730","109","20201231","苗栗縣","10005","林業用地_面積_公頃","5955.761"
170,"20230730","109","20201231","苗栗縣","10005","其他_含交通特目水利國土保安等用地_面積_公頃","212.918"
171,"20230730","109","20201231","南投縣","10008","原住民保留地土地_面積_公頃","32082.295"
172,"20230730","109","20201231","南投縣","10008","建地_住商行工文等區及甲乙丙丁建地_面積_公頃","216.211"
173,"20230730","109","20201231","南投縣","10008","農業區_農牧用地_面積_公頃","9399.177"
174,"20230730","109","20201231","南投縣","10008","林業用地_面積_公頃","21124.444"
175,"20230730","109","20201231","南投縣","10008","其他_含交通特目水利國土保安等用地_面積_公頃","1342.463"
176,"20230730","109","20201231","嘉義縣","10010","原住民保留地土地_面積_公頃","6701.444"
177,"20230730","109","20201231","嘉義縣","10010","建地_住商行工文等區及甲乙丙丁建地_面積_公頃","34.455"
178,"20230730","109","20201231","嘉義縣","10010","農業區_農牧用地_面積_公頃","3236.063"
179,"20230730","109","20201231","嘉義縣","10010","林業用地_面積_公頃","3174.684"
180,"20230730","109","20201231","嘉義縣","10010","其他_含交通特目水利國土保安等用地_面積_公頃","256.242"
181,"20230730","109","20201231","屏東縣","10013","原住民保留地土地_面積_公頃","68177.977"
182,"20230730","109","20201231","屏東縣","10013","建地_住商行工文等區及甲乙丙丁建地_面積_公頃","276.943"
183,"20230730","109","20201231","屏東縣","10013","農業區_農牧用地_面積_公頃","15559.847"
184,"20230730","109","20201231","屏東縣","10013","林業用地_面積_公頃","49944.113"
185,"20230730","109","20201231","屏東縣","10013","其他_含交通特目水利國土保安等用地_面積_公頃","2397.074"
186,"20230730","109","20201231","花蓮縣","10015","原住民保留地土地_面積_公頃","30696.492"
187,"20230730","109","20201231","花蓮縣","10015","建地_住商行工文等區及甲乙丙丁建地_面積_公頃","339.892"
188,"20230730","109","20201231","花蓮縣","10015","農業區_農牧用地_面積_公頃","11357.942"
189,"20230730","109","20201231","花蓮縣","10015","林業用地_面積_公頃","16096.459"
190,"20230730","109","20201231","花蓮縣","10015","其他_含交通特目水利國土保安等用地_面積_公頃","2902.199"
191,"20230730","109","20201231","臺東縣","10014","原住民保留地土地_面積_公頃","48344.931"
192,"20230730","109","20201231","臺東縣","10014","建地_住商行工文等區及甲乙丙丁建地_面積_公頃","356.526"
193,"20230730","109","20201231","臺東縣","10014","農業區_農牧用地_面積_公頃","14617.359"
194,"20230730","109","20201231","臺東縣","10014","林業用地_面積_公頃","31792.394"
195,"20230730","109","20201231","臺東縣","10014","其他_含交通特目水利國土保安等用地_面積_公頃","1578.652"
196,"20231212","110","20181231","臺中市","66000","原住民保留地土地_面積_公頃","6396.179"
197,"20231212","110","20181231","臺中市","66000","建地_住商行工文等區及甲乙丙丁建地_面積_公頃","93.459"
198,"20231212","110","20181231","臺中市","66000","農業區_農牧用地_面積_公頃","2964.61"
199,"20231212","110","20181231","臺中市","66000","林業用地_面積_公頃","2669.166"
200,"20231212","110","20181231","臺中市","66000","其他_含交通特目水利國土保安等用地_面積_公頃","668.944"
201,"20231212","110","20181231","基隆市","10017","原住民保留地土地_面積_公頃","3.452"
202,"20231212","110","20181231","基隆市","10017","建地_住商行工文等區及甲乙丙丁建地_面積_公頃","1.669"
203,"20231212","110","20181231","基隆市","10017","農業區_農牧用地_面積_公頃","0"
204,"20231212","110","20181231","基隆市","10017","林業用地_面積_公頃","0"
205,"20231212","110","20181231","基隆市","10017","其他_含交通特目水利國土保安等用地_面積_公頃","1.783"
206,"20231212","110","20181231","高雄市","64000","原住民保留地土地_面積_公頃","16886.127"
207,"20231212","110","20181231","高雄市","64000","建地_住商行工文等區及甲乙丙丁建地_面積_公頃","83.224"
208,"20231212","110","20181231","高雄市","64000","農業區_農牧用地_面積_公頃","4151.743"
209,"20231212","110","20181231","高雄市","64000","林業用地_面積_公頃","11991.523"
210,"20231212","110","20181231","高雄市","64000","其他_含交通特目水利國土保安等用地_面積_公頃","659.637"
211,"20231212","110","20181231","新北市","65000","原住民保留地土地_面積_公頃","2111.816"
212,"20231212","110","20181231","新北市","65000","建地_住商行工文等區及甲乙丙丁建地_面積_公頃","5.356"
213,"20231212","110","20181231","新北市","65000","農業區_農牧用地_面積_公頃","0.566"
214,"20231212","110","20181231","新北市","65000","林業用地_面積_公頃","1.033"
215,"20231212","110","20181231","新北市","65000","其他_含交通特目水利國土保安等用地_面積_公頃","2104.861"
216,"20231212","110","20181231","宜蘭縣","10002","原住民保留地土地_面積_公頃","14775.814"
217,"20231212","110","20181231","宜蘭縣","10002","建地_住商行工文等區及甲乙丙丁建地_面積_公頃","102.594"
218,"20231212","110","20181231","宜蘭縣","10002","農業區_農牧用地_面積_公頃","4128.908"
219,"20231212","110","20181231","宜蘭縣","10002","林業用地_面積_公頃","10067.192"
220,"20231212","110","20181231","宜蘭縣","10002","其他_含交通特目水利國土保安等用地_面積_公頃","477.12"
221,"20231212","110","20181231","桃園市","68000","原住民保留地土地_面積_公頃","12087.932"
222,"20231212","110","20181231","桃園市","68000","建地_住商行工文等區及甲乙丙丁建地_面積_公頃","100.824"
223,"20231212","110","20181231","桃園市","68000","農業區_農牧用地_面積_公頃","2254.769"
224,"20231212","110","20181231","桃園市","68000","林業用地_面積_公頃","8447.365"
225,"20231212","110","20181231","桃園市","68000","其他_含交通特目水利國土保安等用地_面積_公頃","1284.974"
226,"20231212","110","20181231","新竹縣","10004","原住民保留地土地_面積_公頃","18195.365"
227,"20231212","110","20181231","新竹縣","10004","建地_住商行工文等區及甲乙丙丁建地_面積_公頃","88.912"
228,"20231212","110","20181231","新竹縣","10004","農業區_農牧用地_面積_公頃","4594.85"
229,"20231212","110","20181231","新竹縣","10004","林業用地_面積_公頃","13291.313"
230,"20231212","110","20181231","新竹縣","10004","其他_含交通特目水利國土保安等用地_面積_公頃","220.29"
231,"20231212","110","20181231","苗栗縣","10005","原住民保留地土地_面積_公頃","9123.178"
232,"20231212","110","20181231","苗栗縣","10005","建地_住商行工文等區及甲乙丙丁建地_面積_公頃","56.056"
233,"20231212","110","20181231","苗栗縣","10005","農業區_農牧用地_面積_公頃","2884.938"
234,"20231212","110","20181231","苗栗縣","10005","林業用地_面積_公頃","5968.005"
235,"20231212","110","20181231","苗栗縣","10005","其他_含交通特目水利國土保安等用地_面積_公頃","214.179"
236,"20231212","110","20181231","南投縣","10008","原住民保留地土地_面積_公頃","32120.817"
237,"20231212","110","20181231","南投縣","10008","建地_住商行工文等區及甲乙丙丁建地_面積_公頃","216.385"
238,"20231212","110","20181231","南投縣","10008","農業區_農牧用地_面積_公頃","9408.307"
239,"20231212","110","20181231","南投縣","10008","林業用地_面積_公頃","21196.441"
240,"20231212","110","20181231","南投縣","10008","其他_含交通特目水利國土保安等用地_面積_公頃","1299.684"
241,"20231212","110","20181231","嘉義縣","10010","原住民保留地土地_面積_公頃","6707.441"
242,"20231212","110","20181231","嘉義縣","10010","建地_住商行工文等區及甲乙丙丁建地_面積_公頃","34.647"
243,"20231212","110","20181231","嘉義縣","10010","農業區_農牧用地_面積_公頃","3225.393"
244,"20231212","110","20181231","嘉義縣","10010","林業用地_面積_公頃","3186.822"
245,"20231212","110","20181231","嘉義縣","10010","其他_含交通特目水利國土保安等用地_面積_公頃","260.579"
246,"20231212","110","20181231","屏東縣","10013","原住民保留地土地_面積_公頃","68211.893"
247,"20231212","110","20181231","屏東縣","10013","建地_住商行工文等區及甲乙丙丁建地_面積_公頃","278.832"
248,"20231212","110","20181231","屏東縣","10013","農業區_農牧用地_面積_公頃","15349.913"
249,"20231212","110","20181231","屏東縣","10013","林業用地_面積_公頃","50174.604"
250,"20231212","110","20181231","屏東縣","10013","其他_含交通特目水利國土保安等用地_面積_公頃","2408.544"
251,"20231212","110","20181231","花蓮縣","10015","原住民保留地土地_面積_公頃","30880.918"
252,"20231212","110","20181231","花蓮縣","10015","建地_住商行工文等區及甲乙丙丁建地_面積_公頃","340.727"
253,"20231212","110","20181231","花蓮縣","10015","農業區_農牧用地_面積_公頃","11432.428"
254,"20231212","110","20181231","花蓮縣","10015","林業用地_面積_公頃","16191.568"
255,"20231212","110","20181231","花蓮縣","10015","其他_含交通特目水利國土保安等用地_面積_公頃","2916.195"
256,"20231212","110","20181231","臺東縣","10014","原住民保留地土地_面積_公頃","48438.082"
257,"20231212","110","20181231","臺東縣","10014","建地_住商行工文等區及甲乙丙丁建地_面積_公頃","357.584"
258,"20231212","110","20181231","臺東縣","10014","農業區_農牧用地_面積_公頃","14633.456"
259,"20231212","110","20181231","臺東縣","10014","林業用地_面積_公頃","31839.708"
260,"20231212","110","20181231","臺東縣","10014","其他_含交通特目水利國土保安等用地_面積_公頃","1607.334"
261,"20240905","111","20221231","臺中市","66000","原住民保留地土地_面積_公頃","6393.19"
262,"20240905","111","20221231","臺中市","66000","建地_住商行工文等區及甲乙丙丁建地_面積_公頃","93.74"
263,"20240905","111","20221231","臺中市","66000","農業區_農牧用地_面積_公頃","2984.848"
264,"20240905","111","20221231","臺中市","66000","林業用地_面積_公頃","2669.674"
265,"20240905","111","20221231","臺中市","66000","其他_含交通特目水利國土保安等用地_面積_公頃","644.928"
266,"20240905","111","20221231","基隆市","10017","原住民保留地土地_面積_公頃","3.452"
267,"20240905","111","20221231","基隆市","10017","建地_住商行工文等區及甲乙丙丁建地_面積_公頃","1.669"
268,"20240905","111","20221231","基隆市","10017","農業區_農牧用地_面積_公頃","0"
269,"20240905","111","20221231","基隆市","10017","林業用地_面積_公頃","0"
270,"20240905","111","20221231","基隆市","10017","其他_含交通特目水利國土保安等用地_面積_公頃","1.783"
271,"20240905","111","20221231","高雄市","64000","原住民保留地土地_面積_公頃","16903.376"
272,"20240905","111","20221231","高雄市","64000","建地_住商行工文等區及甲乙丙丁建地_面積_公頃","83.238"
273,"20240905","111","20221231","高雄市","64000","農業區_農牧用地_面積_公頃","4108.13"
274,"20240905","111","20221231","高雄市","64000","林業用地_面積_公頃","12049.162"
275,"20240905","111","20221231","高雄市","64000","其他_含交通特目水利國土保安等用地_面積_公頃","662.846"
276,"20240905","111","20221231","新北市","65000","原住民保留地土地_面積_公頃","2111.816"
277,"20240905","111","20221231","新北市","65000","建地_住商行工文等區及甲乙丙丁建地_面積_公頃","5.36"
278,"20240905","111","20221231","新北市","65000","農業區_農牧用地_面積_公頃","0.566"
279,"20240905","111","20221231","新北市","65000","林業用地_面積_公頃","1.033"
280,"20240905","111","20221231","新北市","65000","其他_含交通特目水利國土保安等用地_面積_公頃","2104.857"
281,"20240905","111","20221231","宜蘭縣","10002","原住民保留地土地_面積_公頃","14781.962"
282,"20240905","111","20221231","宜蘭縣","10002","建地_住商行工文等區及甲乙丙丁建地_面積_公頃","102.906"
283,"20240905","111","20221231","宜蘭縣","10002","農業區_農牧用地_面積_公頃","4127.503"
284,"20240905","111","20221231","宜蘭縣","10002","林業用地_面積_公頃","10069.83"
285,"20240905","111","20221231","宜蘭縣","10002","其他_含交通特目水利國土保安等用地_面積_公頃","481.723"
286,"20240905","111","20221231","桃園市","68000","原住民保留地土地_面積_公頃","12088.765"
287,"20240905","111","20221231","桃園市","68000","建地_住商行工文等區及甲乙丙丁建地_面積_公頃","83.625"
288,"20240905","111","20221231","桃園市","68000","農業區_農牧用地_面積_公頃","2238.834"
289,"20240905","111","20221231","桃園市","68000","林業用地_面積_公頃","8448.443"
290,"20240905","111","20221231","桃園市","68000","其他_含交通特目水利國土保安等用地_面積_公頃","1317.863"
291,"20240905","111","20221231","新竹縣","10004","原住民保留地土地_面積_公頃","18195.267"
292,"20240905","111","20221231","新竹縣","10004","建地_住商行工文等區及甲乙丙丁建地_面積_公頃","89"
293,"20240905","111","20221231","新竹縣","10004","農業區_農牧用地_面積_公頃","4583.985"
294,"20240905","111","20221231","新竹縣","10004","林業用地_面積_公頃","13301.989"
295,"20240905","111","20221231","新竹縣","10004","其他_含交通特目水利國土保安等用地_面積_公頃","220.293"
296,"20240905","111","20221231","苗栗縣","10005","原住民保留地土地_面積_公頃","9157.912"
297,"20240905","111","20221231","苗栗縣","10005","建地_住商行工文等區及甲乙丙丁建地_面積_公頃","56.179"
298,"20240905","111","20221231","苗栗縣","10005","農業區_農牧用地_面積_公頃","2879.907"
299,"20240905","111","20221231","苗栗縣","10005","林業用地_面積_公頃","5997.909"
300,"20240905","111","20221231","苗栗縣","10005","其他_含交通特目水利國土保安等用地_面積_公頃","223.917"
301,"20240905","111","20221231","南投縣","10008","原住民保留地土地_面積_公頃","32123.547"
302,"20240905","111","20221231","南投縣","10008","建地_住商行工文等區及甲乙丙丁建地_面積_公頃","216.552"
303,"20240905","111","20221231","南投縣","10008","農業區_農牧用地_面積_公頃","9412.493"
304,"20240905","111","20221231","南投縣","10008","林業用地_面積_公頃","21196.005"
305,"20240905","111","20221231","南投縣","10008","其他_含交通特目水利國土保安等用地_面積_公頃","1298.497"
306,"20240905","111","20221231","嘉義縣","10010","原住民保留地土地_面積_公頃","6747.262"
307,"20240905","111","20221231","嘉義縣","10010","建地_住商行工文等區及甲乙丙丁建地_面積_公頃","33.584"
308,"20240905","111","20221231","嘉義縣","10010","農業區_農牧用地_面積_公頃","3219.886"
309,"20240905","111","20221231","嘉義縣","10010","林業用地_面積_公頃","3213.01"
310,"20240905","111","20221231","嘉義縣","10010","其他_含交通特目水利國土保安等用地_面積_公頃","280.782"
311,"20240905","111","20221231","屏東縣","10013","原住民保留地土地_面積_公頃","68218.058"
312,"20240905","111","20221231","屏東縣","10013","建地_住商行工文等區及甲乙丙丁建地_面積_公頃","274.366"
313,"20240905","111","20221231","屏東縣","10013","農業區_農牧用地_面積_公頃","15211.38"
314,"20240905","111","20221231","屏東縣","10013","林業用地_面積_公頃","50318.991"
315,"20240905","111","20221231","屏東縣","10013","其他_含交通特目水利國土保安等用地_面積_公頃","2413.321"
316,"20240905","111","20221231","花蓮縣","10015","原住民保留地土地_面積_公頃","30964.341"
317,"20240905","111","20221231","花蓮縣","10015","建地_住商行工文等區及甲乙丙丁建地_面積_公頃","340.502"
318,"20240905","111","20221231","花蓮縣","10015","農業區_農牧用地_面積_公頃","11447.829"
319,"20240905","111","20221231","花蓮縣","10015","林業用地_面積_公頃","16250.99"
320,"20240905","111","20221231","花蓮縣","10015","其他_含交通特目水利國土保安等用地_面積_公頃","2925.02"
321,"20240905","111","20221231","臺東縣","10014","原住民保留地土地_面積_公頃","48532.881"
322,"20240905","111","20221231","臺東縣","10014","建地_住商行工文等區及甲乙丙丁建地_面積_公頃","359.668"
323,"20240905","111","20221231","臺東縣","10014","農業區_農牧用地_面積_公頃","14655.702"
324,"20240905","111","20221231","臺東縣","10014","林業用地_面積_公頃","31899.325"
325,"20240905","111","20221231","臺東縣","10014","其他_含交通特目水利國土保安等用地_面積_公頃","1618.186"
326,"20240905","112","20231231","臺中市","66000","原住民保留地土地_面積_公頃","6394.154"
327,"20240905","112","20231231","臺中市","66000","建地_住商行工文等區及甲乙丙丁建地_面積_公頃","93.631"
328,"20240905","112","20231231","臺中市","66000","農業區_農牧用地_面積_公頃","2985.351"
329,"20240905","112","20231231","臺中市","66000","林業用地_面積_公頃","2667.313"
330,"20240905","112","20231231","臺中市","66000","其他_含交通特目水利國土保安等用地_面積_公頃","647.859"
331,"20240905","112","20231231","基隆市","10017","原住民保留地土地_面積_公頃","3.452"
332,"20240905","112","20231231","基隆市","10017","建地_住商行工文等區及甲乙丙丁建地_面積_公頃","1.669"
333,"20240905","112","20231231","基隆市","10017","農業區_農牧用地_面積_公頃","0"
334,"20240905","112","20231231","基隆市","10017","林業用地_面積_公頃","0"
335,"20240905","112","20231231","基隆市","10017","其他_含交通特目水利國土保安等用地_面積_公頃","1.783"
336,"20240905","112","20231231","高雄市","64000","原住民保留地土地_面積_公頃","16926.583"
337,"20240905","112","20231231","高雄市","64000","建地_住商行工文等區及甲乙丙丁建地_面積_公頃","82.856"
338,"20240905","112","20231231","高雄市","64000","農業區_農牧用地_面積_公頃","4077.234"
339,"20240905","112","20231231","高雄市","64000","林業用地_面積_公頃","12104.329"
340,"20240905","112","20231231","高雄市","64000","其他_含交通特目水利國土保安等用地_面積_公頃","662.164"
341,"20240905","112","20231231","新北市","65000","原住民保留地土地_面積_公頃","2111.816"
342,"20240905","112","20231231","新北市","65000","建地_住商行工文等區及甲乙丙丁建地_面積_公頃","5.36"
343,"20240905","112","20231231","新北市","65000","農業區_農牧用地_面積_公頃","0.566"
344,"20240905","112","20231231","新北市","65000","林業用地_面積_公頃","1.033"
345,"20240905","112","20231231","新北市","65000","其他_含交通特目水利國土保安等用地_面積_公頃","2104.857"
346,"20240905","112","20231231","宜蘭縣","10002","原住民保留地土地_面積_公頃","14784.321"
347,"20240905","112","20231231","宜蘭縣","10002","建地_住商行工文等區及甲乙丙丁建地_面積_公頃","101.8"
348,"20240905","112","20231231","宜蘭縣","10002","農業區_農牧用地_面積_公頃","4114.224"
349,"20240905","112","20231231","宜蘭縣","10002","林業用地_面積_公頃","10083.645"
350,"20240905","112","20231231","宜蘭縣","10002","其他_含交通特目水利國土保安等用地_面積_公頃","484.652"
351,"20240905","112","20231231","桃園市","68000","原住民保留地土地_面積_公頃","12091.602"
352,"20240905","112","20231231","桃園市","68000","建地_住商行工文等區及甲乙丙丁建地_面積_公頃","70.358"
353,"20240905","112","20231231","桃園市","68000","農業區_農牧用地_面積_公頃","2241.114"
354,"20240905","112","20231231","桃園市","68000","林業用地_面積_公頃","8457.412"
355,"20240905","112","20231231","桃園市","68000","其他_含交通特目水利國土保安等用地_面積_公頃","1322.718"
356,"20240905","112","20231231","新竹縣","10004","原住民保留地土地_面積_公頃","18195.341"
357,"20240905","112","20231231","新竹縣","10004","建地_住商行工文等區及甲乙丙丁建地_面積_公頃","89.16"
358,"20240905","112","20231231","新竹縣","10004","農業區_農牧用地_面積_公頃","4584.711"
359,"20240905","112","20231231","新竹縣","10004","林業用地_面積_公頃","13301.1"
360,"20240905","112","20231231","新竹縣","10004","其他_含交通特目水利國土保安等用地_面積_公頃","220.37"
361,"20240905","112","20231231","苗栗縣","10005","原住民保留地土地_面積_公頃","9165.058"
362,"20240905","112","20231231","苗栗縣","10005","建地_住商行工文等區及甲乙丙丁建地_面積_公頃","56.611"
363,"20240905","112","20231231","苗栗縣","10005","農業區_農牧用地_面積_公頃","2878.911"
364,"20240905","112","20231231","苗栗縣","10005","林業用地_面積_公頃","6000.941"
365,"20240905","112","20231231","苗栗縣","10005","其他_含交通特目水利國土保安等用地_面積_公頃","228.595"
366,"20240905","112","20231231","南投縣","10008","原住民保留地土地_面積_公頃","32130.346"
367,"20240905","112","20231231","南投縣","10008","建地_住商行工文等區及甲乙丙丁建地_面積_公頃","217.017"
368,"20240905","112","20231231","南投縣","10008","農業區_農牧用地_面積_公頃","9401.886"
369,"20240905","112","20231231","南投縣","10008","林業用地_面積_公頃","21209.18"
370,"20240905","112","20231231","南投縣","10008","其他_含交通特目水利國土保安等用地_面積_公頃","1302.263"
371,"20240905","112","20231231","嘉義縣","10010","原住民保留地土地_面積_公頃","6748.039"
372,"20240905","112","20231231","嘉義縣","10010","建地_住商行工文等區及甲乙丙丁建地_面積_公頃","33.633"
373,"20240905","112","20231231","嘉義縣","10010","農業區_農牧用地_面積_公頃","3219.356"
374,"20240905","112","20231231","嘉義縣","10010","林業用地_面積_公頃","3212.755"
375,"20240905","112","20231231","嘉義縣","10010","其他_含交通特目水利國土保安等用地_面積_公頃","282.295"
376,"20240905","112","20231231","屏東縣","10013","原住民保留地土地_面積_公頃","68232.559"
377,"20240905","112","20231231","屏東縣","10013","建地_住商行工文等區及甲乙丙丁建地_面積_公頃","271.742"
378,"20240905","112","20231231","屏東縣","10013","農業區_農牧用地_面積_公頃","15172.789"
379,"20240905","112","20231231","屏東縣","10013","林業用地_面積_公頃","50401.068"
380,"20240905","112","20231231","屏東縣","10013","其他_含交通特目水利國土保安等用地_面積_公頃","2386.96"
381,"20240905","112","20231231","花蓮縣","10015","原住民保留地土地_面積_公頃","31073.051"
382,"20240905","112","20231231","花蓮縣","10015","建地_住商行工文等區及甲乙丙丁建地_面積_公頃","341.391"
383,"20240905","112","20231231","花蓮縣","10015","農業區_農牧用地_面積_公頃","11500.221"
384,"20240905","112","20231231","花蓮縣","10015","林業用地_面積_公頃","16325.199"
385,"20240905","112","20231231","花蓮縣","10015","其他_含交通特目水利國土保安等用地_面積_公頃","2906.24"
386,"20240905","112","20231231","臺東縣","10014","原住民保留地土地_面積_公頃","48208.893"
387,"20240905","112","20231231","臺東縣","10014","建地_住商行工文等區及甲乙丙丁建地_面積_公頃","351.818"
388,"20240905","112","20231231","臺東縣","10014","農業區_農牧用地_面積_公頃","14403.113"
389,"20240905","112","20231231","臺東縣","10014","林業用地_面積_公頃","31829.26"
390,"20240905","112","20231231","臺東縣","10014","其他_含交通特目水利國土保安等用地_面積_公頃","1624.702"
